exercise_type,exercise_category,target_muscle_group,Difficulty,age,gender,sets,reps,weight,frequency,protein,calories,sleep,experience,muscle_size_increase_cm2
Partner plank band row,Strength,Abdominals,Intermediate,,,,,,,,,,,
Banded crunch isometric hold,Strength,Abdominals,Intermediate,,,,,,,,,,,
FYR Banded Plank Jack,Strength,Abdominals,Intermediate,,,,,,,,,,,
Banded crunch,Strength,Abdominals,Intermediate,,,,,,,,,,,
Crunch,Strength,Abdominals,Intermediate,,,,,,,,,,,
Decline band press sit-up,Strength,Abdominals,Intermediate,,,,,,,,,,,
FYR2 Banded Frog Pump,Strength,Abdominals,Intermediate,,,,,,,,,,,
Band low-to-high twist,Strength,Abdominals,Intermediate,,,,,,,,,,,
Barbell roll-out,Strength,Abdominals,Intermediate,,,,,,,,,,,
Barbell Ab Rollout - On Knees,Strength,Abdominals,Intermediate,,,,,,,,,,,
Decline bar press sit-up,Strength,Abdominals,Intermediate,,,,,,,,,,,
Bench barbell roll-out,Strength,Abdominals,Beginner,,,,,,,,,,,
Barbell Side Bend,Strength,Abdominals,Beginner,,,,,,,,,,,
Seated bar twist,Strength,Abdominals,Intermediate,,,,,,,,,,,
Single-arm landmine pull and press,Strength,Abdominals,Intermediate,,,,,,,,,,,
Barbell Ab Roll Out - Gethin Variation,Strength,Abdominals,Intermediate,,,,,,,,,,,
30 Barbell Floor Wiper,Strength,Abdominals,Intermediate,,,,,,,,,,,
30 Barbell Roll-Out,Strength,Abdominals,Intermediate,,,,,,,,,,,
Decline plate sit-up,Strength,Abdominals,Intermediate,,,,,,,,,,,
KV Barbell Hip Thrust,Strength,Abdominals,Intermediate,,,,,,,,,,,
Advanced Kettlebell Windmill,Strength,Abdominals,Beginner,,,,,,,,,,,
Kettlebell Windmill,Strength,Abdominals,Intermediate,,,,,,,,,,,
Kettlebell Pass Between The Legs,Strength,Abdominals,Beginner,,,,,,,,,,,
Kettlebell 3-point leg extension,Strength,Abdominals,Intermediate,,,,,,,,,,,
Double Kettlebell Swing,Strength,Abdominals,Intermediate,,,,,,,,,,,
Burpee over kettlebell,Strength,Abdominals,Intermediate,,,,,,,,,,,
Kettlebell toe-touch,Strength,Abdominals,Intermediate,,,,,,,,,,,
Kettlebell swing,Strength,Abdominals,Intermediate,,,,,,,,,,,
Two-way swing,Strength,Abdominals,Intermediate,,,,,,,,,,,
Kettlebell crab reach,Strength,Abdominals,Intermediate,,,,,,,,,,,
Taylor Single-Arm Kettlebell Swing,Strength,Abdominals,Intermediate,,,,,,,,,,,
Holman Kettlebell Up to Elbow Down,Strength,Abdominals,Intermediate,,,,,,,,,,,
FYR2 Double-Kettlebell Ski,Strength,Abdominals,Intermediate,,,,,,,,,,,
FYR2 Kettlebell Hike,Strength,Abdominals,Intermediate,,,,,,,,,,,
FYR2 Kettlebell Cross-Body Catch,Strength,Abdominals,Intermediate,,,,,,,,,,,
FYR2 Kettlebell Duck Walk,Strength,Abdominals,Intermediate,,,,,,,,,,,
FYR2 Kettlebell Get-Up Reach,Strength,Abdominals,Intermediate,,,,,,,,,,,
FYR2 Kettlebell Juggle,Strength,Abdominals,Intermediate,,,,,,,,,,,
FYR2 Squat-Clean-Alternating-Press Complex,Strength,Abdominals,Intermediate,,,,,,,,,,,
Dumbbell V-Sit Cross Jab,Strength,Abdominals,Intermediate,,,,,,,,,,,
Dumbbell spell caster,Strength,Abdominals,Beginner,,,,,,,,,,,
Dumbbell side bend,Strength,Abdominals,Intermediate,,,,,,,,,,,
Dumbbell crunch,Strength,Abdominals,Intermediate,,,,,,,,,,,
Dumbbell Fix Dumbbell Sprawl,Strength,Abdominals,Intermediate,,,,,,,,,,,
Dumbbell Fix Alternating Renegade Row,Strength,Abdominals,Intermediate,,,,,,,,,,,
Dumbbell Fix Dumbbell Mountain Climber,Strength,Abdominals,Intermediate,,,,,,,,,,,
Dumbbell Fix Dumbbell Russian Twist,Strength,Abdominals,Intermediate,,,,,,,,,,,
Dumbbell Fix Dumbbell Pull-Over,Strength,Abdominals,Intermediate,,,,,,,,,,,
Dumbbell Fix Dumbbell Sit-Up,Strength,Abdominals,Intermediate,,,,,,,,,,,
Dumbbell Fix Dumbbell Front Squat,Strength,Abdominals,Intermediate,,,,,,,,,,,
Dumbbell Fix Full Man Maker,Strength,Abdominals,Intermediate,,,,,,,,,,,
Dumbbell T-hold,Strength,Abdominals,Intermediate,,,,,,,,,,,
Dumbbell hollow-body floor press,Strength,Abdominals,Intermediate,,,,,,,,,,,
Dumbbell crusher,Strength,Abdominals,Intermediate,,,,,,,,,,,
Dumbbell Crunch - Gethin Variation,Strength,Abdominals,Intermediate,,,,,,,,,,,
Single-arm dumbbell crunch,Strength,Abdominals,Intermediate,,,,,,,,,,,
HM Alternating Dumbbell Plank Row,Strength,Abdominals,Intermediate,,,,,,,,,,,
Dumbbell straight-legged hip raise,Strength,Abdominals,Intermediate,,,,,,,,,,,
Seated leg tuck with dumbbell,Strength,Abdominals,Intermediate,,,,,,,,,,,
Dumbbell V-sit cross jab-,Strength,Abdominals,Intermediate,,,,,,,,,,,
30 Hanging Leg Raise With Dumbbell,Strength,Abdominals,Intermediate,,,,,,,,,,,
Dumbbell Get-Up Sit-Up,Strength,Abdominals,Expert,,,,,,,,,,,
Holman Right Side Plank with Left Triceps Press,Strength,Abdominals,Intermediate,,,,,,,,,,,
Holman Left Side Plank with Right Triceps Press,Strength,Abdominals,Intermediate,,,,,,,,,,,
Holman Boat with Feet Push-Out and Overhead Press,Strength,Abdominals,Intermediate,,,,,,,,,,,
Holman Hovering Plank Row,Strength,Abdominals,Intermediate,,,,,,,,,,,
Holman Weighted Seated Killer Abs to Russian Twist,Strength,Abdominals,Intermediate,,,,,,,,,,,
Holman Straight Plank Dumbbell Reach-Under,Strength,Abdominals,Intermediate,,,,,,,,,,,
Holman Straight-Arm Side Plank Overhead Press to Chest Press,Strength,Abdominals,Intermediate,,,,,,,,,,,
Holman Weighted Burpee to Pike,Strength,Abdominals,Intermediate,,,,,,,,,,,
Holman Straight-Legged Boat Chest Press,Strength,Abdominals,Intermediate,,,,,,,,,,,
Holman Weighted Burpee to Side Delt Raise,Strength,Abdominals,Intermediate,,,,,,,,,,,
Holman Heavy Double Pike,Strength,Abdominals,Intermediate,,,,,,,,,,,
Holman Heavy Double Split Pike,Strength,Abdominals,Intermediate,,,,,,,,,,,
MetaBurn Alternating Dumbbell Sit-Through,Strength,Abdominals,Intermediate,,,,,,,,,,,
MetaBurn Alternating Plank Row With Dumbbell Pull-Through,Strength,Abdominals,Intermediate,,,,,,,,,,,
MetaBurn Alternating Plank Row With Push-Up,Strength,Abdominals,Intermediate,,,,,,,,,,,
MetaBurn Dumbbell Russian Twist,Strength,Abdominals,Intermediate,,,,,,,,,,,
MetaBurn Dumbbell Toe-Touch,Strength,Abdominals,Intermediate,,,,,,,,,,,
MetaBurn Plank To Alternating Row,Strength,Abdominals,Intermediate,,,,,,,,,,,
Standing dumbbell knee crunch-,Strength,Abdominals,Intermediate,,,,,,,,,,,
MetaBurn Plank With Dumbbell Rotation,Strength,Abdominals,Intermediate,,,,,,,,,,,
FYR2 Dumbbell Crab Reach,Strength,Abdominals,Intermediate,,,,,,,,,,,
FYR2 Dumbbell Man-Maker,Strength,Abdominals,Intermediate,,,,,,,,,,,
FYR2 Dumbbell Sit-Up Reach,Strength,Abdominals,Intermediate,,,,,,,,,,,
FYR2 Loaded Beast Sprawl,Strength,Abdominals,Intermediate,,,,,,,,,,,
FYR2 Loaded to Unloaded Beast,Strength,Abdominals,Intermediate,,,,,,,,,,,
Lying Leg Pullover,Strength,Abdominals,Intermediate,,,,,,,,,,,
Landmine twist,Strength,Abdominals,Intermediate,,,,,,,,,,,
Suspended ab fall-out,Strength,Abdominals,Intermediate,,,,,,,,,,,
Decline reverse crunch,Strength,Abdominals,Intermediate,,,,,,,,,,,
Plate Twist,Strength,Abdominals,Beginner,,,,,,,,,,,
Weighted Crunches,Strength,Abdominals,Intermediate,,,,,,,,,,,
Ab Roller,Strength,Abdominals,Intermediate,,,,,,,,,,,
Otis-Up,Strength,Abdominals,Intermediate,,,,,,,,,,,
Captain's chair knee raise,Strength,Abdominals,Intermediate,,,,,,,,,,,
Sledgehammer swing,Plyometrics,Abdominals,Intermediate,,,,,,,,,,,
Decline bar press sit-up,Strength,Abdominals,Intermediate,,,,,,,,,,,
Pallof press,Strength,Abdominals,Intermediate,,,,,,,,,,,
Weighted Sit-Ups - With Bands,Strength,Abdominals,Intermediate,,,,,,,,,,,
Suitcase crunch,Strength,Abdominals,Intermediate,,,,,,,,,,,
FYR Rope Jumping,Strength,Abdominals,Intermediate,,,,,,,,,,,
Barbell press sit-up,Strength,Abdominals,Intermediate,,,,,,,,,,,
Single-arm bent-over rear delt fly,Strength,Abdominals,Intermediate,,,,,,,,,,,
Captain's chair leg raise,Strength,Abdominals,Intermediate,,,,,,,,,,,
Shoulder-Elevated One-Leg Hip Thrusts,Strength,Abdominals,Intermediate,,,,,,,,,,,
Ab Twist - Gethin Variation,Strength,Abdominals,Intermediate,,,,,,,,,,,
Weighted Crunch - Gethin Variation,Strength,Abdominals,Intermediate,,,,,,,,,,,
Ab Wheel Roll-Out - Gethin Variation,Strength,Abdominals,Intermediate,,,,,,,,,,,
Bench crunch,Strength,Abdominals,Intermediate,,,,,,,,,,,
Decline plate sit-up twist,Strength,Abdominals,Intermediate,,,,,,,,,,,
Reverse ab roll-out,Strength,Abdominals,Intermediate,,,,,,,,,,,
30 Seated Twist With PVC Pipe,Strength,Abdominals,Intermediate,,,,,,,,,,,
Suspended crunch-,Strength,Abdominals,Intermediate,,,,,,,,,,,
Suspended oblique crunch,Strength,Abdominals,Intermediate,,,,,,,,,,,
Weighted sit-up,Strength,Abdominals,Intermediate,,,,,,,,,,,
30 Decline Press Sit-Up,Strength,Abdominals,Intermediate,,,,,,,,,,,
Holman Towel Reverse Plank Alternating Heel Pull-in,Strength,Abdominals,Intermediate,,,,,,,,,,,
Holman Boat with Weighted Cross Punch,Strength,Abdominals,Intermediate,,,,,,,,,,,
Holman Weighted Hook Punch,Strength,Abdominals,Intermediate,,,,,,,,,,,
Holman Weighted Traveling Punch,Strength,Abdominals,Intermediate,,,,,,,,,,,
Holman Weighted Uppercut Punch,Strength,Abdominals,Intermediate,,,,,,,,,,,
Holman Slow Weighted Double Pike,Strength,Abdominals,Intermediate,,,,,,,,,,,
Holman Plate Straight Plank Reach,Strength,Abdominals,Intermediate,,,,,,,,,,,
Holman Plate Elbow Plank Jack to Straight Plank Jack,Strength,Abdominals,Intermediate,,,,,,,,,,,
Holman Plate Hill Climber,Strength,Abdominals,Intermediate,,,,,,,,,,,
Holman Plate Reverse Plank Hill Climber,Strength,Abdominals,Intermediate,,,,,,,,,,,
Holman Plate Straight Plank Pike to Jack,Strength,Abdominals,Intermediate,,,,,,,,,,,
Holman Plate In-and-Out Push-Up,Strength,Abdominals,Intermediate,,,,,,,,,,,
Holman Plate Burpee,Strength,Abdominals,Intermediate,,,,,,,,,,,
Holman Plate Elbow Plank Reach,Strength,Abdominals,Intermediate,,,,,,,,,,,
Holman Elbow Plank to Renegade Row,Strength,Abdominals,Intermediate,,,,,,,,,,,
Holman Straight Plank Weighted Hand Hill Climber,Strength,Abdominals,Intermediate,,,,,,,,,,,
Holman Weighted Left Side Diagonal Pike,Strength,Abdominals,Intermediate,,,,,,,,,,,
Holman Weighted Right Side Diagonal Pike,Strength,Abdominals,Intermediate,,,,,,,,,,,
Holman Weighted W-Boat to Overhead Press,Strength,Abdominals,Intermediate,,,,,,,,,,,
Holman Weighted Kneeling Lift,Strength,Abdominals,Intermediate,,,,,,,,,,,
Holman Hips-Up Weighted Pull-Over,Strength,Abdominals,Intermediate,,,,,,,,,,,
Holman Weighted Cross Punch,Strength,Abdominals,Intermediate,,,,,,,,,,,
Holman Straight-Leg Boat Hover Chest Press,Strength,Abdominals,Intermediate,,,,,,,,,,,
Holman Weighted Pike,Strength,Abdominals,Intermediate,,,,,,,,,,,
Holman Feet-Elevated Wax-On Wax-Off,Strength,Abdominals,Intermediate,,,,,,,,,,,
Holman Elbow Plank to Towel Pike,Strength,Abdominals,Intermediate,,,,,,,,,,,
Holman Seated Killer Abs Overhead Press,Strength,Abdominals,Intermediate,,,,,,,,,,,
Holman Straight Plank Alternating Weighted Open,Strength,Abdominals,Intermediate,,,,,,,,,,,
Holman Weighted Killer Abs with Overhead Press,Strength,Abdominals,Intermediate,,,,,,,,,,,
Holman Weighted Split-Leg Pike,Strength,Abdominals,Intermediate,,,,,,,,,,,
Holman Towel Reverse Plank Heel Pull-in,Strength,Abdominals,Intermediate,,,,,,,,,,,
Stick Twist,Strength,Abdominals,Intermediate,,,,,,,,,,,
Roc Everest,Cardio,Abdominals,Intermediate,,,,,,,,,,,
Standing cable low-to-high twist,Strength,Abdominals,Intermediate,,,,,,,,,,,
Single-arm high-cable side bend,Strength,Abdominals,Intermediate,,,,,,,,,,,
Kneeling cable oblique crunch,Strength,Abdominals,Intermediate,,,,,,,,,,,
Kneeling cable crunch,Strength,Abdominals,Intermediate,,,,,,,,,,,
Rope Crunch,Strength,Abdominals,Intermediate,,,,,,,,,,,
Standing cable crunch,Strength,Abdominals,Intermediate,,,,,,,,,,,
Bosu Ball Cable Crunch With Side Bends,Strength,Abdominals,Beginner,,,,,,,,,,,
Standing Cable Wood Chop,Strength,Abdominals,Intermediate,,,,,,,,,,,
Cable reverse crunch,Strength,Abdominals,Beginner,,,,,,,,,,,
Cable Russian Twists,Strength,Abdominals,Beginner,,,,,,,,,,,
Pallof press with rotation,Strength,Abdominals,Intermediate,,,,,,,,,,,
Cable Seated Crunch,Strength,Abdominals,Beginner,,,,,,,,,,,
Cable Judo Flip,Strength,Abdominals,Beginner,,,,,,,,,,,
Exercise Ball Cable Crunch - Gethin Variation,Strength,Abdominals,Intermediate,,,,,,,,,,,
Standing cable high-to-low twist,Strength,Abdominals,Intermediate,,,,,,,,,,,
Bent-Over Reverse Cable Fly,Strength,Abdominals,Intermediate,,,,,,,,,,,
Standing Cable Crunch - Gethin Variation,Strength,Abdominals,Intermediate,,,,,,,,,,,
AM Cable Crunch,Strength,Abdominals,Intermediate,,,,,,,,,,,
Tyler Holt Weighted Knee-To-Chest Crunch,Strength,Abdominals,Intermediate,,,,,,,,,,,
Standing cable twist,Strength,Abdominals,Intermediate,,,,,,,,,,,
30 Cable Rope Crunch,Strength,Abdominals,Intermediate,,,,,,,,,,,
30 Cable Rope Oblique Crunch,Strength,Abdominals,Intermediate,,,,,,,,,,,
Cable lying twist on ball,Strength,Abdominals,Intermediate,,,,,,,,,,,
30 Cable Pallof Press,Strength,Abdominals,Intermediate,,,,,,,,,,,
30 Cable Reverse Crunch On Ball,Strength,Abdominals,Intermediate,,,,,,,,,,,
30 Cable Reverse Crunch,Strength,Abdominals,Intermediate,,,,,,,,,,,
Tyler Holt Cable Torso Twist,Strength,Abdominals,Intermediate,,,,,,,,,,,
Single-Arm Cable Outward-Facing Biceps Curl,Strength,Abdominals,Intermediate,,,,,,,,,,,
Biceps Rope Curl,Strength,Abdominals,Intermediate,,,,,,,,,,,
Kneeling Cable Crunches,Strength,Abdominals,Intermediate,,,,,,,,,,,
Ab Crunch Machine,Strength,Abdominals,Intermediate,,,,,,,,,,,
Smith machine straight-legged hip raise,Strength,Abdominals,Intermediate,,,,,,,,,,,
Machine crunch,Strength,Abdominals,Intermediate,,,,,,,,,,,
AM Ab Machine,Strength,Abdominals,Intermediate,,,,,,,,,,,
Smith machine V-up,Strength,Abdominals,Intermediate,,,,,,,,,,,
Elbow plank,Strength,Abdominals,Intermediate,,,,,,,,,,,
Bottoms Up,Strength,Abdominals,Intermediate,,,,,,,,,,,
Spider crawl,Strength,Abdominals,Intermediate,,,,,,,,,,,
Cocoons,Strength,Abdominals,Intermediate,,,,,,,,,,,
Cross-Body Crunch,Strength,Abdominals,Intermediate,,,,,,,,,,,
Elbow-to-knee crunch,Strength,Abdominals,Intermediate,,,,,,,,,,,
Decline Crunch,Strength,Abdominals,Intermediate,,,,,,,,,,,
Hanging toes-to-bar,Strength,Abdominals,Intermediate,,,,,,,,,,,
Hanging Oblique Knee Raise,Strength,Abdominals,Intermediate,,,,,,,,,,,
Gorilla Chin/Crunch,Strength,Abdominals,Beginner,,,,,,,,,,,
Hanging leg raise,Strength,Abdominals,Intermediate,,,,,,,,,,,
Mountain climber,Plyometrics,Abdominals,Intermediate,,,,,,,,,,,
Ab bicycle,Strength,Abdominals,Intermediate,,,,,,,,,,,
3/4 sit-up,Strength,Abdominals,Intermediate,,,,,,,,,,,
Reverse crunch,Strength,Abdominals,Intermediate,,,,,,,,,,,
Crunches,Strength,Abdominals,Intermediate,,,,,,,,,,,
Dead bug reach,Strength,Abdominals,Intermediate,,,,,,,,,,,
Crunch - Hands Overhead,Strength,Abdominals,Beginner,,,,,,,,,,,
V-up,Strength,Abdominals,Intermediate,,,,,,,,,,,
Stomach Vacuum,Stretching,Abdominals,Beginner,,,,,,,,,,,
Russian twist,Strength,Abdominals,Intermediate,,,,,,,,,,,
Flat Bench Lying Leg Raise,Strength,Abdominals,Intermediate,,,,,,,,,,,
Knees tucked crunch,Strength,Abdominals,Intermediate,,,,,,,,,,,
Butt-Ups,Strength,Abdominals,Beginner,,,,,,,,,,,
Feet-elevated oblique crunch,Strength,Abdominals,Intermediate,,,,,,,,,,,
Bent-knee reverse crunch,Strength,Abdominals,Intermediate,,,,,,,,,,,
Alternating heel-touch,Strength,Abdominals,Intermediate,,,,,,,,,,,
Suspended Reverse Crunch,Strength,Abdominals,Intermediate,,,,,,,,,,,
Lying bench reverse crunch,Strength,Abdominals,Intermediate,,,,,,,,,,,
Sit-up,Strength,Abdominals,Intermediate,,,,,,,,,,,
Side Bridge,Strength,Abdominals,Intermediate,,,,,,,,,,,
Lying oblique crunch,Strength,Abdominals,Intermediate,,,,,,,,,,,
Janda Sit-Up,Strength,Abdominals,Beginner,,,,,,,,,,,
Leg Pull-In,Strength,Abdominals,Beginner,,,,,,,,,,,
Side Jackknife,Strength,Abdominals,Intermediate,,,,,,,,,,,
Scissor Kick,Stretching,Abdominals,Intermediate,,,,,,,,,,,
Toe Touchers,Stretching,Abdominals,Intermediate,,,,,,,,,,,
Lower Back Curl,Stretching,Abdominals,Intermediate,,,,,,,,,,,
Exercise ball torso rotation,Stretching,Abdominals,Intermediate,,,,,,,,,,,
Seated Overhead Stretch,Stretching,Abdominals,Intermediate,,,,,,,,,,,
Overhead Stretch,Stretching,Abdominals,Intermediate,,,,,,,,,,,
Seated Scissor Kick,Strength,Abdominals,Intermediate,,,,,,,,,,,
Partner resistance standing twist,Strength,Abdominals,Intermediate,,,,,,,,,,,
Cross Crunch,Strength,Abdominals,Beginner,,,,,,,,,,,
Full Moon,Strength,Abdominals,Beginner,,,,,,,,,,,
Hanging knee raise with manual resistance,Strength,Abdominals,Beginner,,,,,,,,,,,
Straight-Legged Hip Raise,Strength,Abdominals,Intermediate,,,,,,,,,,,
Wall mountain climber,Plyometrics,Abdominals,Intermediate,,,,,,,,,,,
Skin The Cat To Push-Up,Strength,Abdominals,Intermediate,,,,,,,,,,,
Partner lying leg raise with lateral throw down,Strength,Abdominals,Beginner,,,,,,,,,,,
Hanging leg raise with throw down,Strength,Abdominals,Beginner,,,,,,,,,,,
Partner sit-up with high-five,Strength,Abdominals,Beginner,,,,,,,,,,,
Exercise ball knee roll-in,Strength,Abdominals,Intermediate,,,,,,,,,,,
Partner lying leg raise with throw down,Strength,Abdominals,Beginner,,,,,,,,,,,
Crab toe-touch,Strength,Abdominals,Intermediate,,,,,,,,,,,
Side kick-through,Strength,Abdominals,Intermediate,,,,,,,,,,,
Partner target sit-up,Strength,Abdominals,Beginner,,,,,,,,,,,
Suspended Crunch,Strength,Abdominals,Beginner,,,,,,,,,,,
Jump Lunge,Strength,Abdominals,Intermediate,,,,,,,,,,,
Side plank hip dip,Strength,Abdominals,Intermediate,,,,,,,,,,,
Elbow plank jack,Strength,Abdominals,Intermediate,,,,,,,,,,,
Exercise ball V-up,Strength,Abdominals,Intermediate,,,,,,,,,,,
Standing torso twist stretch,Strength,Abdominals,Intermediate,,,,,,,,,,,
Slalom jumps,Plyometrics,Abdominals,Intermediate,,,,,,,,,,,
Bear crawl,Strength,Abdominals,Intermediate,,,,,,,,,,,
Crab single-arm reach,Stretching,Abdominals,Intermediate,,,,,,,,,,,
Side lunge cross-body heel-touch,Strength,Abdominals,Intermediate,,,,,,,,,,,
Alligator Crawl,Strength,Abdominals,Intermediate,,,,,,,,,,,
Lying cross-over lower back stretch,Strength,Abdominals,Intermediate,,,,,,,,,,,
Half bird dog,Stretching,Abdominals,Intermediate,,,,,,,,,,,
Shoulder tap,Strength,Abdominals,Intermediate,,,,,,,,,,,
Double crunch,Strength,Abdominals,Intermediate,,,,,,,,,,,
Flutter kick,Strength,Abdominals,Intermediate,,,,,,,,,,,
Sprawl,Strength,Abdominals,Intermediate,,,,,,,,,,,
Spider plank jack,Strength,Abdominals,Intermediate,,,,,,,,,,,
Pillar-To-Plank,Strength,Abdominals,Intermediate,,,,,,,,,,,
Alternating High Knee Raise,Strength,Abdominals,Intermediate,,,,,,,,,,,
Sumo Squat Pulse,Strength,Abdominals,Intermediate,,,,,,,,,,,
Line-Drill Foot Work,Strength,Abdominals,Intermediate,,,,,,,,,,,
Plank Fire Hydrants,Strength,Abdominals,Intermediate,,,,,,,,,,,
Banded jumping jack,Strength,Abdominals,Intermediate,,,,,,,,,,,
Shin hug,Strength,Abdominals,Intermediate,,,,,,,,,,,
FYR Bear Crawl Fire Feet,Strength,Abdominals,Intermediate,,,,,,,,,,,
Bear crawl up-down,Strength,Abdominals,Intermediate,,,,,,,,,,,
FYR Crab Kick,Strength,Abdominals,Intermediate,,,,,,,,,,,
Bear crawl hold,Strength,Abdominals,Intermediate,,,,,,,,,,,
Traveling bear crawl,Strength,Abdominals,Intermediate,,,,,,,,,,,
Single-leg V-up,Strength,Abdominals,Intermediate,,,,,,,,,,,
FYR Bear Crawl Shoulder Tap,Strength,Abdominals,Intermediate,,,,,,,,,,,
Alternating single-leg sprawl,Strength,Abdominals,Intermediate,,,,,,,,,,,
Wide mountain climber,Strength,Abdominals,Intermediate,,,,,,,,,,,
Plank leg raise,Strength,Abdominals,Intermediate,,,,,,,,,,,
Glute bridge step-out,Strength,Abdominals,Intermediate,,,,,,,,,,,
Knee up-down,Strength,Abdominals,Intermediate,,,,,,,,,,,
FYR Sprawl,Strength,Abdominals,Intermediate,,,,,,,,,,,
Reach crunch,Strength,Abdominals,Intermediate,,,,,,,,,,,
FYR Push-Up Plank Hold,Strength,Abdominals,Intermediate,,,,,,,,,,,
FYR Hollow-Body Rock,Strength,Abdominals,Intermediate,,,,,,,,,,,
V-up plus knee-to-chest combo,Strength,Abdominals,Intermediate,,,,,,,,,,,
Side plank lateral raise,Strength,Abdominals,Intermediate,,,,,,,,,,,
Superhero burpee,Strength,Abdominals,Intermediate,,,,,,,,,,,
Hollow-body abduction,Strength,Abdominals,Intermediate,,,,,,,,,,,
FYR Hollow Hold,Strength,Abdominals,Intermediate,,,,,,,,,,,
Tip-toe crunch,Strength,Abdominals,Intermediate,,,,,,,,,,,
Knee-to-nose pulse,Strength,Abdominals,Intermediate,,,,,,,,,,,
Plank walk-out,Strength,Abdominals,Intermediate,,,,,,,,,,,
FYR V-Up,Strength,Abdominals,Intermediate,,,,,,,,,,,
Long sit-up,Strength,Abdominals,Intermediate,,,,,,,,,,,
FYR Breakdancer,Strength,Abdominals,Intermediate,,,,,,,,,,,
Seated leg lift,Strength,Abdominals,Intermediate,,,,,,,,,,,
Gorilla burpee,Strength,Abdominals,Intermediate,,,,,,,,,,,
Knee-in to V-out,Strength,Abdominals,Intermediate,,,,,,,,,,,
Bear crawl push-up,Strength,Abdominals,Intermediate,,,,,,,,,,,
FYR Front Step,Strength,Abdominals,Intermediate,,,,,,,,,,,
Plank reach,Strength,Abdominals,Intermediate,,,,,,,,,,,
Eiffel Tower leg raise,Strength,Abdominals,Intermediate,,,,,,,,,,,
Straight-arm plank,Strength,Abdominals,Intermediate,,,,,,,,,,,
Plank up-down,Strength,Abdominals,Intermediate,,,,,,,,,,,
Frog kick,Strength,Abdominals,Intermediate,,,,,,,,,,,
FYR Knees to Chest,Strength,Abdominals,Intermediate,,,,,,,,,,,
Front kick-through,Strength,Abdominals,Intermediate,,,,,,,,,,,
FYR Sit-Up,Strength,Abdominals,Intermediate,,,,,,,,,,,
FYR Leg Lift,Strength,Abdominals,Intermediate,,,,,,,,,,,
TBS Toes-to-bar,Strength,Abdominals,Intermediate,,,,,,,,,,,
FYR Mountain Climber,Strength,Abdominals,Intermediate,,,,,,,,,,,
Roman Chair Side Ups,Strength,Abdominals,Intermediate,,,,,,,,,,,
Push-Up Roll Out - Gethin Variation,Strength,Abdominals,Intermediate,,,,,,,,,,,
Cross-Body Crunch - Gethin Variation,Strength,Abdominals,Intermediate,,,,,,,,,,,
Decline leg lift with twist,Strength,Abdominals,Intermediate,,,,,,,,,,,
Hanging Leg Raise - Variation Gethin,Strength,Abdominals,Intermediate,,,,,,,,,,,
Butterfly crunch,Strength,Abdominals,Intermediate,,,,,,,,,,,
Cross-body mountain climber,Strength,Abdominals,Intermediate,,,,,,,,,,,
Flat Bench Lying Leg Raise - Gethin Variation,Strength,Abdominals,Intermediate,,,,,,,,,,,
Lying leg lift,Strength,Abdominals,Intermediate,,,,,,,,,,,
Hanging alternating single-leg raise,Strength,Abdominals,Intermediate,,,,,,,,,,,
Plank Walk,Strength,Abdominals,Intermediate,,,,,,,,,,,
Sit-Up - Gethin Variation,Strength,Abdominals,Intermediate,,,,,,,,,,,
Plank Push-Up,Strength,Abdominals,Intermediate,,,,,,,,,,,
Decline crunch-,Strength,Abdominals,Intermediate,,,,,,,,,,,
Alternating lying leg raise,Strength,Abdominals,Intermediate,,,,,,,,,,,
Decline leg lift,Strength,Abdominals,Intermediate,,,,,,,,,,,
Crunch - Gethin Variation,Strength,Abdominals,Intermediate,,,,,,,,,,,
Plank - Gethin Variation,Strength,Abdominals,Intermediate,,,,,,,,,,,
Barbell floor wiper,Strength,Abdominals,Intermediate,,,,,,,,,,,
Prison Push-Up,Strength,Abdominals,Intermediate,,,,,,,,,,,
McGill Modified Curl-Up,Strength,Abdominals,Intermediate,,,,,,,,,,,
Cross-body toe-touch,Strength,Abdominals,Intermediate,,,,,,,,,,,
Toy soldier,Strength,Abdominals,Intermediate,,,,,,,,,,,
Natural Glute Ham Raise with Stability Ball,Strength,Abdominals,Intermediate,,,,,,,,,,,
Lateral ape,Strength,Abdominals,Intermediate,,,,,,,,,,,
Hollow-body knee tuck,Strength,Abdominals,Intermediate,,,,,,,,,,,
HM Air Jumping Rope,Strength,Abdominals,Intermediate,,,,,,,,,,,
HM Alternating Lunge Reach,Strength,Abdominals,Intermediate,,,,,,,,,,,
HM Alternating Side Plank Reach,Strength,Abdominals,Intermediate,,,,,,,,,,,
HM Superman Plank,Strength,Abdominals,Intermediate,,,,,,,,,,,
HM Table Pose,Strength,Abdominals,Intermediate,,,,,,,,,,,
HM Toe Touch,Strength,Abdominals,Intermediate,,,,,,,,,,,
HM Right Side Bird-Dog,Stretching,Abdominals,Intermediate,,,,,,,,,,,
HM Right Side Crunch,Strength,Abdominals,Intermediate,,,,,,,,,,,
HM Bicycle,Strength,Abdominals,Intermediate,,,,,,,,,,,
HM Bird-Dog Plank,Strength,Abdominals,Intermediate,,,,,,,,,,,
HM Boat Pose,Strength,Abdominals,Intermediate,,,,,,,,,,,
HM Bottoms Up,Strength,Abdominals,Intermediate,,,,,,,,,,,
HM Bridge,Strength,Abdominals,Intermediate,,,,,,,,,,,
HM Running Man Crunch,Cardio,Abdominals,Intermediate,,,,,,,,,,,
HM Seated Twist,Strength,Abdominals,Intermediate,,,,,,,,,,,
HM Side-Bend Pose,Strength,Abdominals,Intermediate,,,,,,,,,,,
HM Side-Plank Arm Wrap,Strength,Abdominals,Intermediate,,,,,,,,,,,
HM Side-Plank with Hip Touch,Strength,Abdominals,Intermediate,,,,,,,,,,,
HM Side-Plank with Kick,Strength,Abdominals,Intermediate,,,,,,,,,,,
HM Side V-Up,Strength,Abdominals,Intermediate,,,,,,,,,,,
HM Crab Crunch,Strength,Abdominals,Intermediate,,,,,,,,,,,
HM Cross-Over Crunch,Strength,Abdominals,Intermediate,,,,,,,,,,,
HM Crunch Pulse,Strength,Abdominals,Intermediate,,,,,,,,,,,
HM Dead Bug,Strength,Abdominals,Intermediate,,,,,,,,,,,
HM Single-Leg Inchworm,Strength,Abdominals,Intermediate,,,,,,,,,,,
HM Floor Jack,Strength,Abdominals,Intermediate,,,,,,,,,,,
HM Floor Wiper,Strength,Abdominals,Intermediate,,,,,,,,,,,
HM Floor Kick,Strength,Abdominals,Intermediate,,,,,,,,,,,
HM Sit-Up,Strength,Abdominals,Intermediate,,,,,,,,,,,
HM Slow Mountain Climber,Strength,Abdominals,Intermediate,,,,,,,,,,,
HM Slow Sit-Up,Strength,Abdominals,Intermediate,,,,,,,,,,,
HM Half-Up,Strength,Abdominals,Intermediate,,,,,,,,,,,
HM Hollow-Body Pulse,Strength,Abdominals,Intermediate,,,,,,,,,,,
HM Hollow Hold,Strength,Abdominals,Intermediate,,,,,,,,,,,
HM Inchworm,Strength,Abdominals,Intermediate,,,,,,,,,,,
HM Right Side Hollow Hold with Pulse,Strength,Abdominals,Intermediate,,,,,,,,,,,
HM Reverse Crunch with Frisbee,Strength,Abdominals,Intermediate,,,,,,,,,,,
HM Left Side Bird-Dog,Strength,Abdominals,Intermediate,,,,,,,,,,,
HM Left Side Crunch,Strength,Abdominals,Intermediate,,,,,,,,,,,
HM Left Side Hollow Hold With Pulse,Strength,Abdominals,Intermediate,,,,,,,,,,,
HM Reverse Crunch,Strength,Abdominals,Intermediate,,,,,,,,,,,
HM Low Lunge With External Twist And Arm Reach,Strength,Abdominals,Intermediate,,,,,,,,,,,
HM Mountain Climber,Strength,Abdominals,Intermediate,,,,,,,,,,,
HM Prison Sit-Up,Strength,Abdominals,Intermediate,,,,,,,,,,,
HM Plank Alternating Hip-Dip,Strength,Abdominals,Intermediate,,,,,,,,,,,
HM Tuck-Up Get-Up,Strength,Abdominals,Intermediate,,,,,,,,,,,
HM Flutter Kick,Strength,Abdominals,Intermediate,,,,,,,,,,,
HM Plank,Strength,Abdominals,Intermediate,,,,,,,,,,,
McGill Pull-Up,Strength,Abdominals,Intermediate,,,,,,,,,,,
AM Leg Lift,Strength,Abdominals,Intermediate,,,,,,,,,,,
AM Decline Abs,Strength,Abdominals,Intermediate,,,,,,,,,,,
Hanging crunch,Strength,Abdominals,Intermediate,,,,,,,,,,,
Tyler Holt Hanging Toes-To-Bar,Strength,Abdominals,Intermediate,,,,,,,,,,,
Side plank,Strength,Abdominals,Intermediate,,,,,,,,,,,
Bird dog-,Strength,Abdominals,Intermediate,,,,,,,,,,,
Single-leg curl up,Strength,Abdominals,Intermediate,,,,,,,,,,,
Single-kettlebell windmill,Strength,Abdominals,Intermediate,,,,,,,,,,,
UNS Foam Roll Thigh,Strength,Abdominals,Intermediate,,,,,,,,,,,
UNS Inverted row,Strength,Abdominals,Intermediate,,,,,,,,,,,
UNS T-spine rotation with reach,Strength,Abdominals,Intermediate,,,,,,,,,,,
UNS Quadruped thoracic rotation,Strength,Abdominals,Intermediate,,,,,,,,,,,
UNS Pec stretch,Strength,Abdominals,Intermediate,,,,,,,,,,,
UNS Lat stretch,Strength,Abdominals,Intermediate,,,,,,,,,,,
UNS Foam Roll,Strength,Abdominals,Intermediate,,,,,,,,,,,
UNS Foam Roll Lats,Strength,Abdominals,Intermediate,,,,,,,,,,,
UNS Rocking Adductor Stretch,Strength,Abdominals,Intermediate,,,,,,,,,,,
UNS Bird Dog,Strength,Abdominals,Intermediate,,,,,,,,,,,
UNS Jumping Jack,Strength,Abdominals,Intermediate,,,,,,,,,,,
Ab wheel roll-out,Strength,Abdominals,Intermediate,,,,,,,,,,,
Bench mountain climber,Strength,Abdominals,Intermediate,,,,,,,,,,,
Feet-elevated bench side plank,Strength,Abdominals,Intermediate,,,,,,,,,,,
Cross-body sit-up,Strength,Abdominals,Intermediate,,,,,,,,,,,
Decline kayak,Strength,Abdominals,Intermediate,,,,,,,,,,,
30 Decline Reverse Crunch,Strength,Abdominals,Intermediate,,,,,,,,,,,
Decline sit-up twist,Strength,Abdominals,Intermediate,,,,,,,,,,,
30 Flat Bench Leg Raise,Strength,Abdominals,Intermediate,,,,,,,,,,,
30 Flutter Kick,Strength,Abdominals,Intermediate,,,,,,,,,,,
Chin-up crunch,Strength,Abdominals,Intermediate,,,,,,,,,,,
30 Gorilla Chin Oblique Crunch,Strength,Abdominals,Intermediate,,,,,,,,,,,
Half Turkish get-up,Strength,Abdominals,Intermediate,,,,,,,,,,,
30 Hanging Oblique Crunch,Strength,Abdominals,Intermediate,,,,,,,,,,,
30 Hollow-Body Hold,Strength,Abdominals,Intermediate,,,,,,,,,,,
Parallel bars knee raise,Strength,Abdominals,Intermediate,,,,,,,,,,,
30 Landmine Twist,Strength,Abdominals,Intermediate,,,,,,,,,,,
Parallel bars leg raise,Strength,Abdominals,Intermediate,,,,,,,,,,,
Otis-up-,Strength,Abdominals,Intermediate,,,,,,,,,,,
30 Shoulder Tap,Strength,Abdominals,Intermediate,,,,,,,,,,,
30 Spider Crawl,Strength,Abdominals,Intermediate,,,,,,,,,,,
Spider crunch,Strength,Abdominals,Intermediate,,,,,,,,,,,
Toe-touch,Strength,Abdominals,Intermediate,,,,,,,,,,,
30 Hanging Toes-To-Bar,Strength,Abdominals,Intermediate,,,,,,,,,,,
30 V-Up,Strength,Abdominals,Intermediate,,,,,,,,,,,
Cocoon crunch,Strength,Abdominals,Intermediate,,,,,,,,,,,
Bench oblique crunch,Strength,Abdominals,Intermediate,,,,,,,,,,,
Full moon-,Strength,Abdominals,Intermediate,,,,,,,,,,,
Push-up to side plank,Strength,Abdominals,Intermediate,,,,,,,,,,,
Tyler Holt V-Up,Strength,Abdominals,Intermediate,,,,,,,,,,,
Tyler Holt Plank,Strength,Abdominals,Intermediate,,,,,,,,,,,
Tyler Holt Hip-Dip,Strength,Abdominals,Intermediate,,,,,,,,,,,
Suicides,Strength,Abdominals,Intermediate,,,,,,,,,,,
Holman Towel Straight Plank Jack,Strength,Abdominals,Intermediate,,,,,,,,,,,
Holman Towel Hill Climber,Strength,Abdominals,Intermediate,,,,,,,,,,,
Holman Towel Elbow Plank Jack,Strength,Abdominals,Intermediate,,,,,,,,,,,
Holman Towel Elbow Plank Pike,Strength,Abdominals,Intermediate,,,,,,,,,,,
Holman Towel Straight Plank Hand Reach,Strength,Abdominals,Intermediate,,,,,,,,,,,
Holman Towel Wax-On Wax-Off,Strength,Abdominals,Intermediate,,,,,,,,,,,
Holman Towel Wide Hill Climber,Strength,Abdominals,Intermediate,,,,,,,,,,,
Holman Towel Dirty Dog,Strength,Abdominals,Intermediate,,,,,,,,,,,
Holman Straight Plank Shoulder Tap,Strength,Abdominals,Intermediate,,,,,,,,,,,
Holman Killer Abs,Strength,Abdominals,Intermediate,,,,,,,,,,,
Holman Straight Plank Split Jack,Strength,Abdominals,Intermediate,,,,,,,,,,,
Holman Elbow Plank Swim,Strength,Abdominals,Intermediate,,,,,,,,,,,
Holman Elbow Plank Saw,Strength,Abdominals,Intermediate,,,,,,,,,,,
Holman Feet-Elevated Straight Plank Toe-Tap Series,Strength,Abdominals,Intermediate,,,,,,,,,,,
Holman Elbow Plank Pike Pull,Strength,Abdominals,Intermediate,,,,,,,,,,,
Holman Hand-Elevated Walk-Over Push-Up,Strength,Abdominals,Intermediate,,,,,,,,,,,
Holman Hands-Elevated Hill Climber,Strength,Abdominals,Intermediate,,,,,,,,,,,
Holman Seated Pike,Strength,Abdominals,Intermediate,,,,,,,,,,,
Holman Feet-Elevated Up-Down Plank,Strength,Abdominals,Intermediate,,,,,,,,,,,
Holman Feet-Elevated Hand Tap,Strength,Abdominals,Intermediate,,,,,,,,,,,
Holman Reverse Straight Plank with Alternating Heel Pull-In,Strength,Abdominals,Intermediate,,,,,,,,,,,
Holman Elbow Plank,Strength,Abdominals,Intermediate,,,,,,,,,,,
Holman Straight Plank Squat Thrust,Strength,Abdominals,Intermediate,,,,,,,,,,,
Holman Alternating Single-Leg Pike,Strength,Abdominals,Intermediate,,,,,,,,,,,
Holman Knee Pull-In Crunch,Strength,Abdominals,Intermediate,,,,,,,,,,,
Holman Straight Plank with Hand Tap,Strength,Abdominals,Intermediate,,,,,,,,,,,
Holman Straight Plank with Dirty Dog,Strength,Abdominals,Intermediate,,,,,,,,,,,
Holman Elbow Plank Roll,Strength,Abdominals,Intermediate,,,,,,,,,,,
Holman Froggy Push-Up,Strength,Abdominals,Intermediate,,,,,,,,,,,
Holman Straight Plank Hand Tap to Shoulder Tap,Strength,Abdominals,Intermediate,,,,,,,,,,,
Holman In-Out Straight Plank,Strength,Abdominals,Intermediate,,,,,,,,,,,
Holman Bicycle,Strength,Abdominals,Intermediate,,,,,,,,,,,
Holman Alternating Diagonal Knee Pull-in,Strength,Abdominals,Intermediate,,,,,,,,,,,
Holman Elbow Plank with Step-Out,Strength,Abdominals,Intermediate,,,,,,,,,,,
Holman Alternating Slow L-Raise,Strength,Abdominals,Intermediate,,,,,,,,,,,
Holman Feet-Elevated Plank with Shoulder Tap,Strength,Abdominals,Intermediate,,,,,,,,,,,
Holman Feet-Elevated Inchworm Pike to Straight Plank Push-Up,Strength,Abdominals,Intermediate,,,,,,,,,,,
Holman Feet-Elevated Up-Down Elbow Plank,Strength,Abdominals,Intermediate,,,,,,,,,,,
Holman Feet-Elevated Plank Pike Pull,Strength,Abdominals,Intermediate,,,,,,,,,,,
Holman Feet-Elevated Alternating Single-Leg Hip Raise,Strength,Abdominals,Intermediate,,,,,,,,,,,
Holman Feet-Elevated Plank Pike Pull to Push-Up,Strength,Abdominals,Intermediate,,,,,,,,,,,
Holman Standing Heel Click,Strength,Abdominals,Intermediate,,,,,,,,,,,
Holman Straight Plank Right-Left Jack to Split Jack,Strength,Abdominals,Intermediate,,,,,,,,,,,
Holman Elbow Plank Jack to Ninja Knees,Strength,Abdominals,Intermediate,,,,,,,,,,,
Holman Right Side Elbow Plank with Left Leg Swing,Strength,Abdominals,Intermediate,,,,,,,,,,,
Holman Left Side Elbow Plank with Right Leg Swing,Strength,Abdominals,Intermediate,,,,,,,,,,,
Holman Straight Plank with Alternating Diagonal Sit-Back,Strength,Abdominals,Intermediate,,,,,,,,,,,
Holman Boat Press with Leg Extension,Strength,Abdominals,Intermediate,,,,,,,,,,,
Holman Shoulder Tap to Dirty Dog,Strength,Abdominals,Intermediate,,,,,,,,,,,
Holman Standing Russian Twist,Strength,Abdominals,Intermediate,,,,,,,,,,,
Holman Hovering Plank with Shoulder Tap,Strength,Abdominals,Intermediate,,,,,,,,,,,
Holman Elbow Plank to Stacked Plank Hip Drop,Strength,Abdominals,Intermediate,,,,,,,,,,,
Holman Elbow Plank to Walk-Up Pike,Strength,Abdominals,Intermediate,,,,,,,,,,,
Holman Hill Climber,Strength,Abdominals,Intermediate,,,,,,,,,,,
Holman Straight Plank Pike to Renegade Row,Strength,Abdominals,Intermediate,,,,,,,,,,,
Holman Alternating Hip Drop to Push-Up,Strength,Abdominals,Intermediate,,,,,,,,,,,
Holman Crab Kick,Strength,Abdominals,Intermediate,,,,,,,,,,,
Holman Wounded Bear Crawl,Strength,Abdominals,Intermediate,,,,,,,,,,,
Holman Alternating Crab Reach,Strength,Abdominals,Intermediate,,,,,,,,,,,
Holman Hovering Panther Core Stabilizer,Strength,Abdominals,Intermediate,,,,,,,,,,,
Holman Burpee to Forward Lunge,Strength,Abdominals,Intermediate,,,,,,,,,,,
Holman Seated Knee Pull-In Series,Strength,Abdominals,Intermediate,,,,,,,,,,,
Holman Elbow Plank Pike,Strength,Abdominals,Intermediate,,,,,,,,,,,
Holman Elbow Plank Jack to Straight Plank Split Jack,Strength,Abdominals,Intermediate,,,,,,,,,,,
Holman Boat Pull-Over,Strength,Abdominals,Intermediate,,,,,,,,,,,
Holman Squat Pulse to Plyometric Jump,Strength,Abdominals,Intermediate,,,,,,,,,,,
Holman Hands Down Heel Click,Strength,Abdominals,Intermediate,,,,,,,,,,,
Holman Straight Plank to Kick-Up,Strength,Abdominals,Intermediate,,,,,,,,,,,
Holman Hands-Elevated Split Jack,Strength,Abdominals,Intermediate,,,,,,,,,,,
Holman Feet-Elevated Plank Reach,Strength,Abdominals,Intermediate,,,,,,,,,,,
Holman Hand-Elevated Side Plank Semicircle,Strength,Abdominals,Intermediate,,,,,,,,,,,
Holman Hands-Elevated Straight Plank Pike,Strength,Abdominals,Intermediate,,,,,,,,,,,
Holman Alternating Rolling Elbow Plank,Strength,Abdominals,Intermediate,,,,,,,,,,,
Holman Elbow Plank Jack,Strength,Abdominals,Intermediate,,,,,,,,,,,
Holman Squat Thrust to Alternating Knee-In,Strength,Abdominals,Intermediate,,,,,,,,,,,
Holman Supine Double Pike,Strength,Abdominals,Intermediate,,,,,,,,,,,
Holman Elbow Plank Alternating Pike,Strength,Abdominals,Intermediate,,,,,,,,,,,
Holman Seated Killer Abs,Strength,Abdominals,Intermediate,,,,,,,,,,,
Holman Side Plank Hip Drop,Strength,Abdominals,Intermediate,,,,,,,,,,,
Holman Wide Hill Climber,Strength,Abdominals,Intermediate,,,,,,,,,,,
Holman Straight-Legged Bicycle,Strength,Abdominals,Intermediate,,,,,,,,,,,
Holman Stair Toe Tap,Strength,Abdominals,Intermediate,,,,,,,,,,,
Holman Elbow Plank Ninja,Strength,Abdominals,Intermediate,,,,,,,,,,,
Holman Traveling Stair Climb Push-Up,Strength,Abdominals,Intermediate,,,,,,,,,,,
Holman Hands-Elevated Burpee,Strength,Abdominals,Intermediate,,,,,,,,,,,
Holman Straight Plank Donkey Kick,Strength,Abdominals,Intermediate,,,,,,,,,,,
Holman Feet-Elevated Straight Plank Pike Pull,Strength,Abdominals,Intermediate,,,,,,,,,,,
Holman Towel Burpee,Strength,Abdominals,Intermediate,,,,,,,,,,,
Holman Elbow Plank to Alternating Side Plank Crunch,Strength,Abdominals,Intermediate,,,,,,,,,,,
Holman Straight-Legged Hip Raise,Strength,Abdominals,Intermediate,,,,,,,,,,,
Holman Feet-Elevated Hill Climber,Strength,Abdominals,Intermediate,,,,,,,,,,,
Holman Ninja Knee Hill Climber,Strength,Abdominals,Intermediate,,,,,,,,,,,
Holman Feet-Elevated Shoulder Tap,Strength,Abdominals,Intermediate,,,,,,,,,,,
Holman Feet-Elevated Hip Raise,Strength,Abdominals,Intermediate,,,,,,,,,,,
Holman Left Hand Right Foot Crab Reach,Strength,Abdominals,Intermediate,,,,,,,,,,,
Holman Alternating Crab Flip to Froggy Push-Up to Kicks,Strength,Abdominals,Intermediate,,,,,,,,,,,
Holman Right Hand Left Foot Sleeping Crab,Strength,Abdominals,Intermediate,,,,,,,,,,,
Holman Left Hand Right Foot Sleeping Crab,Strength,Abdominals,Intermediate,,,,,,,,,,,
Holman Straight Plank with Alternating Leg Kick-Under,Strength,Abdominals,Intermediate,,,,,,,,,,,
Holman Right Hip Drop Push-Up,Strength,Abdominals,Intermediate,,,,,,,,,,,
Holman Right Side Diagonal Burpee,Strength,Abdominals,Intermediate,,,,,,,,,,,
Holman Left Hip Drop Push-Up,Strength,Abdominals,Intermediate,,,,,,,,,,,
Holman Right Leg 7-Up Crunch,Strength,Abdominals,Intermediate,,,,,,,,,,,
Holman Left Leg 7-Up Crunch,Strength,Abdominals,Intermediate,,,,,,,,,,,
Holman Straight Plank Jack,Strength,Abdominals,Intermediate,,,,,,,,,,,
Holman Feet-Elevated Couch Hill Climber,Strength,Abdominals,Intermediate,,,,,,,,,,,
Holman Feet-Elevated Right Side Plank,Strength,Abdominals,Intermediate,,,,,,,,,,,
Holman Alternating Up-Down Plank to Push-Up,Strength,Abdominals,Intermediate,,,,,,,,,,,
Holman Straight Plank Pike,Strength,Abdominals,Intermediate,,,,,,,,,,,
Holman Ninja Knee Straight Plank,Strength,Abdominals,Intermediate,,,,,,,,,,,
Holman Reverse Crunch to Hip Raise,Strength,Abdominals,Intermediate,,,,,,,,,,,
Holman Straight Plank Quick Reach,Strength,Abdominals,Intermediate,,,,,,,,,,,
Holman Alternating Diagonal Straight Plank,Strength,Abdominals,Intermediate,,,,,,,,,,,
Holman Feet-Elevated Left Side Plank,Strength,Abdominals,Intermediate,,,,,,,,,,,
Holman Right Hand Left Foot Crab Reach,Strength,Abdominals,Intermediate,,,,,,,,,,,
Holman Low-Impact Crab Kick,Strength,Abdominals,Intermediate,,,,,,,,,,,
Holman Alternating Crab Flip to Froggy Push-Up,Strength,Abdominals,Intermediate,,,,,,,,,,,
Holman High-Impact Crab Kick,Strength,Abdominals,Intermediate,,,,,,,,,,,
Holman Single-Leg Right Pike,Strength,Abdominals,Intermediate,,,,,,,,,,,
Holman Single-Leg Left Pike,Strength,Abdominals,Intermediate,,,,,,,,,,,
Holman Shoulder Tap to Hand Tap,Strength,Abdominals,Intermediate,,,,,,,,,,,
Holman Towel Reverse Plank Jack,Strength,Abdominals,Intermediate,,,,,,,,,,,
Holman Side-to-Side Twist,Strength,Abdominals,Intermediate,,,,,,,,,,,
Holman Crab Kick with Hop,Strength,Abdominals,Intermediate,,,,,,,,,,,
Holman Crab Reach to Crab Kick,Strength,Abdominals,Intermediate,,,,,,,,,,,
Holman Wide Squat Side-to-Side Obliques,Strength,Abdominals,Intermediate,,,,,,,,,,,
Holman Side Plank Crunch,Strength,Abdominals,Intermediate,,,,,,,,,,,
Total Fitness Ab Tuck,Strength,Abdominals,Intermediate,,,,,,,,,,,
Active hang from bar,Strength,Abdominals,Intermediate,,,,,,,,,,,
Cat-cow,Strength,Abdominals,Intermediate,,,,,,,,,,,
Crab walk,Strength,Abdominals,Intermediate,,,,,,,,,,,
Lunge with overhead reach,Strength,Abdominals,Intermediate,,,,,,,,,,,
Hang from bar,Strength,Abdominals,Intermediate,,,,,,,,,,,
Total Fitness Hollow Hold,Strength,Abdominals,Intermediate,,,,,,,,,,,
Total Fitness Side Plank,Strength,Abdominals,Intermediate,,,,,,,,,,,
Side plank pulse,Strength,Abdominals,Intermediate,,,,,,,,,,,
Total Fitness Spider Crawl (Unweighted),Strength,Abdominals,Intermediate,,,,,,,,,,,
Total Fitness V-Up,Strength,Abdominals,Intermediate,,,,,,,,,,,
MetaBurn Alternating Knee-to-Elbow Mountain Climber,Strength,Abdominals,Intermediate,,,,,,,,,,,
Alternating sit-through with crunch-,Strength,Abdominals,Intermediate,,,,,,,,,,,
MetaBurn Alternating Toe-Touch,Strength,Abdominals,Intermediate,,,,,,,,,,,
MetaBurn Janda Sit-Up,Strength,Abdominals,Intermediate,,,,,,,,,,,
MetaBurn Oblique Roll Crunch,Strength,Abdominals,Intermediate,,,,,,,,,,,
MetaBurn Plank Jack,Strength,Abdominals,Intermediate,,,,,,,,,,,
MetaBurn Plank To Alternating Side Plank,Strength,Abdominals,Intermediate,,,,,,,,,,,
MetaBurn Plank Up-Down,Strength,Abdominals,Intermediate,,,,,,,,,,,
MetaBurn Plank Wiper,Strength,Abdominals,Intermediate,,,,,,,,,,,
MetaBurn Plank With Alternating Toe-Touch,Strength,Abdominals,Intermediate,,,,,,,,,,,
MetaBurn Plyo Push-Up,Strength,Abdominals,Intermediate,,,,,,,,,,,
MetaBurn Psycho Crunch,Strength,Abdominals,Intermediate,,,,,,,,,,,
MetaBurn Scapular Retraction Plank,Strength,Abdominals,Intermediate,,,,,,,,,,,
MetaBurn Scapular Retraction Plank Hold,Strength,Abdominals,Intermediate,,,,,,,,,,,
MetaBurn Scorpion,Strength,Abdominals,Intermediate,,,,,,,,,,,
MetaBurn Side Crawler,Strength,Abdominals,Intermediate,,,,,,,,,,,
MetaBurn Side Plank Oblique Crunch,Strength,Abdominals,Intermediate,,,,,,,,,,,
MetaBurn Sit-Through,Strength,Abdominals,Intermediate,,,,,,,,,,,
MetaBurn Sit-Up To V-Up,Strength,Abdominals,Intermediate,,,,,,,,,,,
MetaBurn Sit-Up With Rotation,Strength,Abdominals,Intermediate,,,,,,,,,,,
MetaBurn Split-Leg Crunch,Strength,Abdominals,Intermediate,,,,,,,,,,,
MetaBurn Tabletop Hip Thrust,Strength,Abdominals,Intermediate,,,,,,,,,,,
MetaBurn Tabletop With Russian Kick,Strength,Abdominals,Intermediate,,,,,,,,,,,
MetaBurn Toe Driver Abs,Strength,Abdominals,Intermediate,,,,,,,,,,,
MetaBurn-V-Up,Strength,Abdominals,Intermediate,,,,,,,,,,,
X-body V-up,Strength,Abdominals,Intermediate,,,,,,,,,,,
MetaBurn Swivel Crunch,Strength,Abdominals,Intermediate,,,,,,,,,,,
Robertson Core-Engaged Dead Bug,Strength,Abdominals,Intermediate,,,,,,,,,,,
FYR2 Double-Under,Strength,Abdominals,Intermediate,,,,,,,,,,,
FYR2 Fire Feet with Burpee Tuck Jump Drill,Strength,Abdominals,Intermediate,,,,,,,,,,,
FYR2 Flutter Kick,Strength,Abdominals,Intermediate,,,,,,,,,,,
FYR2 Half-Moon,Strength,Abdominals,Intermediate,,,,,,,,,,,
FYR2 Leopard Crawl,Strength,Abdominals,Intermediate,,,,,,,,,,,
FYR2 Plank Alternating Front Step,Strength,Abdominals,Intermediate,,,,,,,,,,,
FYR2 Shoulder Tap,Strength,Abdominals,Intermediate,,,,,,,,,,,
Hand shift plank,Strength,Abdominals,Intermediate,,,,,,,,,,,
Cross-body plank march,Strength,Abdominals,Intermediate,,,,,,,,,,,
Bent-knee Copenhagen hip adduction,Strength,Abdominals,Intermediate,,,,,,,,,,,
Copenhagen plank,Strength,Abdominals,Intermediate,,,,,,,,,,,
ACFT Hanging leg tuck,Strength,Abdominals,Intermediate,,,,,,,,,,,
Alternating hanging knee raise,Strength,Abdominals,Intermediate,,,,,,,,,,,
Plank To Sphinx,Strength,Abdominals,Intermediate,,,,,,,,,,,
Twisting Mountain Climbers,Strength,Abdominals,Intermediate,,,,,,,,,,,
Jack Knives,Strength,Abdominals,Intermediate,,,,,,,,,,,
Hanging Leg Raises,Strength,Abdominals,Intermediate,,,,,,,,,,,
Dumbbell suitcase crunch,Strength,Abdominals,Intermediate,,,,,,,,,,,
Medicine ball rotational throw,Strength,Abdominals,Intermediate,,,,,,,,,,,
Hollow-hold ball toss,Strength,Abdominals,Intermediate,,,,,,,,,,,
Partner front Russian twist and pass,Strength,Abdominals,Beginner,,,,,,,,,,,
Sit-up with single-arm overhand throw,Plyometrics,Abdominals,Intermediate,,,,,,,,,,,
Medicine ball partner twist,Plyometrics,Abdominals,Intermediate,,,,,,,,,,,
Partner side Russian twist and pass,Strength,Abdominals,Beginner,,,,,,,,,,,
Medicine ball half moon,Strength,Abdominals,Intermediate,,,,,,,,,,,
Exercise ball roll-out,Strength,Abdominals,Intermediate,,,,,,,,,,,
Medicine ball pass,Strength,Abdominals,Intermediate,,,,,,,,,,,
Partner medicine ball sit-up,Strength,Abdominals,Intermediate,,,,,,,,,,,
Medicine ball Russian twist,Strength,Abdominals,Intermediate,,,,,,,,,,,
30 Medicine Ball Slam,Strength,Abdominals,Intermediate,,,,,,,,,,,
Medicine ball twist,Strength,Abdominals,Intermediate,,,,,,,,,,,
FYR2 Medicine Ball Complex,Strength,Abdominals,Intermediate,,,,,,,,,,,
FYR2 Medicine Ball Fire-Feet Drill,Strength,Abdominals,Intermediate,,,,,,,,,,,
FYR2 Medicine Ball Knees-to-Chest,Strength,Abdominals,Intermediate,,,,,,,,,,,
FYR2 Medicine Ball Mountain Climber,Strength,Abdominals,Intermediate,,,,,,,,,,,
Decline oblique crunch,Strength,Abdominals,Intermediate,,,,,,,,,,,
Decline sit-up,Strength,Abdominals,Intermediate,,,,,,,,,,,
Hanging Windshield Wiper,Strength,Abdominals,Intermediate,,,,,,,,,,,
Exercise Ball Pull-In,Strength,Abdominals,Intermediate,,,,,,,,,,,
Exercise ball crunch,Strength,Abdominals,Intermediate,,,,,,,,,,,
Feet-elevated crunch,Strength,Abdominals,Intermediate,,,,,,,,,,,
Weighted Ball Side Bend,Strength,Abdominals,Beginner,,,,,,,,,,,
Swiss Ball Ab Roll-Out,Strength,Abdominals,Intermediate,,,,,,,,,,,
Exercise Ball Cable Crunch - Gethin Variation,Strength,Abdominals,Intermediate,,,,,,,,,,,
Exercise ball squat and twist,Strength,Abdominals,Intermediate,,,,,,,,,,,
Swiss Ball V-Up With Foot Pass,Strength,Abdominals,Intermediate,,,,,,,,,,,
Exercise ball pike,Strength,Abdominals,Intermediate,,,,,,,,,,,
Exercise ball bird dog,Strength,Abdominals,Intermediate,,,,,,,,,,,
Exercise ball superman,Strength,Abdominals,Intermediate,,,,,,,,,,,
BOSU cross-body crunch,Strength,Abdominals,Intermediate,,,,,,,,,,,
Exercise Ball Knee Tuck - Gethin Varation,Strength,Abdominals,Intermediate,,,,,,,,,,,
Alternating Exercise Ball Knee Tucks - Gethin Variation,Strength,Abdominals,Intermediate,,,,,,,,,,,
AM Ball Crunch,Strength,Abdominals,Intermediate,,,,,,,,,,,
30 Bosu Cable Reverse Crunch,Strength,Abdominals,Intermediate,,,,,,,,,,,
BOSU knee tuck,Strength,Abdominals,Intermediate,,,,,,,,,,,
30 Side Plank On Ball,Strength,Abdominals,Intermediate,,,,,,,,,,,
Hanging exercise ball leg raise,Strength,Abdominals,Intermediate,,,,,,,,,,,
Taylor Exercise Ball Stir-The-Pot,Strength,Abdominals,Intermediate,,,,,,,,,,,
FYR2 Air Ball,Strength,Abdominals,Intermediate,,,,,,,,,,,
Feet-elevated plank on ball,Strength,Abdominals,Intermediate,,,,,,,,,,,
Band Hip Adductions,Strength,Adductors,Beginner,,,,,,,,,,,
Lateral Band Walk,Strength,Abductors,Intermediate,,,,,,,,,,,
FYR2 Standing Banded Leg Abduction,Strength,Abductors,Intermediate,,,,,,,,,,,
Iliotibial band SMR,Stretching,Abductors,Intermediate,,,,,,,,,,,
Adductor SMR,Stretching,Adductors,Beginner,,,,,,,,,,,
Lying Bent Leg Groin,Stretching,Adductors,Beginner,,,,,,,,,,,
Lateral box jump,Plyometrics,Adductors,Intermediate,,,,,,,,,,,
Thigh adductor,Strength,Adductors,Intermediate,,,,,,,,,,,
Thigh abductor,Strength,Abductors,Intermediate,,,,,,,,,,,
Standing Hip Circles,Stretching,Abductors,Beginner,,,,,,,,,,,
Groiners,Stretching,Adductors,Beginner,,,,,,,,,,,
Fire Hydrant,Strength,Abductors,Beginner,,,,,,,,,,,
Windmills,Stretching,Abductors,Intermediate,,,,,,,,,,,
Side Leg Raises,Stretching,Adductors,Beginner,,,,,,,,,,,
Lateral hop,Plyometrics,Adductors,Intermediate,,,,,,,,,,,
Monster Walk,Strength,Abductors,Intermediate,,,,,,,,,,,
Side Lying Groin Stretch,Stretching,Adductors,Intermediate,,,,,,,,,,,
IT Band and Glute Stretch,Stretching,Abductors,Intermediate,,,,,,,,,,,
Single-leg lying cross-over stretch,Stretching,Abductors,Beginner,,,,,,,,,,,
Carioca quick step,Plyometrics,Adductors,Intermediate,,,,,,,,,,,
Standing hip circle,Stretching,Abductors,Intermediate,,,,,,,,,,,
Lateral cone hop,Plyometrics,Adductors,Intermediate,,,,,,,,,,,
Side-To-Side Adductor Stretch,Strength,Adductors,Intermediate,,,,,,,,,,,
Dynamic pigeon stretch,Strength,Abductors,Intermediate,,,,,,,,,,,
Cross-over jack,Strength,Abductors,Intermediate,,,,,,,,,,,
Traveling thigh killa,Strength,Abductors,Intermediate,,,,,,,,,,,
FYR Thigh Killa,Strength,Abductors,Intermediate,,,,,,,,,,,
HM Straddle Stretch,Stretching,Abductors,Intermediate,,,,,,,,,,,
HM Right Leg Swing,Stretching,Abductors,Intermediate,,,,,,,,,,,
HM Right Side-Kick,Stretching,Abductors,Intermediate,,,,,,,,,,,
HM Frog Stretch,Strength,Abductors,Intermediate,,,,,,,,,,,
HM Kick-Out,Strength,Abductors,Intermediate,,,,,,,,,,,
HM Left Leg Swing,Strength,Adductors,Intermediate,,,,,,,,,,,
UNS Foam Roll Adductor,Strength,Adductors,Intermediate,,,,,,,,,,,
MetaBurn Groiner,Strength,Abductors,Intermediate,,,,,,,,,,,
Side-lying leg adduction scissor,Strength,Adductors,Intermediate,,,,,,,,,,,
Groin and Back Stretch,Stretching,Adductors,Beginner,,,,,,,,,,,
Adductor/Groin,Stretching,Adductors,Beginner,,,,,,,,,,,
Incline dumbbell biceps curl,Strength,Biceps,Intermediate,,,,,,,,,,,
Banded biceps curl in squat position,Strength,Biceps,Intermediate,,,,,,,,,,,
Banded Hammer Press - Gethin Variation,Strength,Biceps,Intermediate,,,,,,,,,,,
Band standing concentration curl,Strength,Biceps,Intermediate,,,,,,,,,,,
Brachialis SMR,Stretching,Biceps,Beginner,,,,,,,,,,,
Wide-grip barbell curl,Strength,Biceps,Beginner,,,,,,,,,,,
EZ-bar spider curl,Strength,Biceps,Intermediate,,,,,,,,,,,
Barbell Curl,Strength,Biceps,Intermediate,,,,,,,,,,,
Close-grip EZ-bar curl,Strength,Biceps,Beginner,,,,,,,,,,,
Preacher Curl,Strength,Biceps,Intermediate,,,,,,,,,,,
Barbell Curls Lying Against An Incline,Strength,Biceps,Beginner,,,,,,,,,,,
Seated Close-Grip Concentration Barbell Curl,Strength,Biceps,Beginner,,,,,,,,,,,
Close-grip barbell curl,Strength,Biceps,Beginner,,,,,,,,,,,
Drag curl,Strength,Biceps,Beginner,,,,,,,,,,,
Reverse-grip barbell curl,Strength,Biceps,Intermediate,,,,,,,,,,,
Lying High Bench Barbell Curl,Strength,Biceps,Beginner,,,,,,,,,,,
Seated wide-grip curl to close-grip curl,Strength,Biceps,Beginner,,,,,,,,,,,
Seated Straigh-Bar Curl Superset,Strength,Biceps,Beginner,,,,,,,,,,,
Dave Draper Forehead Curl,Strength,Biceps,Intermediate,,,,,,,,,,,
Reverse-grip EZ-bar curl,Strength,Biceps,Intermediate,,,,,,,,,,,
EZ-Bar Spider Curl - Gethin Variation,Strength,Biceps,Intermediate,,,,,,,,,,,
Barbell curl-,Strength,Biceps,Intermediate,,,,,,,,,,,
Paul Carter Barbell Curl,Strength,Biceps,Intermediate,,,,,,,,,,,
Standing band biceps curl,Strength,Biceps,Intermediate,,,,,,,,,,,
Close-Grip EZ-Bar Curl - Gethin Variation,Strength,Biceps,Intermediate,,,,,,,,,,,
Seated Barbell Curl,Strength,Biceps,Intermediate,,,,,,,,,,,
AM Standing Barbell Curl,Strength,Biceps,Intermediate,,,,,,,,,,,
EZ-bar preacher curl,Strength,Biceps,Intermediate,,,,,,,,,,,
30 Arms Standing Barbell Curl,Strength,Biceps,Intermediate,,,,,,,,,,,
30 Arms Incline Biceps Curl,Strength,Biceps,Intermediate,,,,,,,,,,,
"Bicep Curls ""21s""",Strength,Biceps,Intermediate,,,,,,,,,,,
Incline Hammer Curls,Strength,Biceps,Beginner,,,,,,,,,,,
Hammer Curls,Strength,Biceps,Intermediate,,,,,,,,,,,
Biceps curl to shoulder press,Strength,Biceps,Beginner,,,,,,,,,,,
Concentration curl,Strength,Biceps,Intermediate,,,,,,,,,,,
Flexor Incline Dumbbell Curls,Strength,Biceps,Beginner,,,,,,,,,,,
Dumbbell Bicep Curl,Strength,Biceps,Intermediate,,,,,,,,,,,
Cross-body hammer curl,Strength,Biceps,Beginner,,,,,,,,,,,
Dumbbell Alternate Bicep Curl,Strength,Biceps,Intermediate,,,,,,,,,,,
Single-arm dumbbell preacher curl,Strength,Biceps,Intermediate,,,,,,,,,,,
Alternate Incline Dumbbell Curl,Strength,Biceps,Intermediate,,,,,,,,,,,
Standing concentration curl,Strength,Biceps,Beginner,,,,,,,,,,,
Alternating incline dumbbell biceps curl,Strength,Biceps,Intermediate,,,,,,,,,,,
Alternate Hammer Curl,Strength,Biceps,Intermediate,,,,,,,,,,,
Seated dumbbell biceps curl,Strength,Biceps,Intermediate,,,,,,,,,,,
Preacher Hammer Dumbbell Curl,Strength,Biceps,Beginner,,,,,,,,,,,
Dumbbell preacher curl,Strength,Biceps,Intermediate,,,,,,,,,,,
Lying Supine Dumbbell Curl,Strength,Biceps,Beginner,,,,,,,,,,,
Standing Dumbbell Reverse Curl,Strength,Biceps,Beginner,,,,,,,,,,,
Palms-out incline biceps curl,Strength,Biceps,Beginner,,,,,,,,,,,
Straight-arm plank with biceps curl,Strength,Biceps,Beginner,,,,,,,,,,,
Face-down incline dumbbell biceps curl,Strength,Biceps,Beginner,,,,,,,,,,,
Seated Dumbbell Inner Biceps Curl,Strength,Biceps,Beginner,,,,,,,,,,,
Standing Inner-Biceps Curl,Strength,Biceps,Beginner,,,,,,,,,,,
Seated hammer curl,Strength,Biceps,Intermediate,,,,,,,,,,,
Paul Carter Incline Dumbbell Biceps Curl,Strength,Biceps,Intermediate,,,,,,,,,,,
Paul Carter Concentration Curl,Strength,Biceps,Intermediate,,,,,,,,,,,
FYR Dumbbell Curl,Strength,Biceps,Intermediate,,,,,,,,,,,
Dumbbell biceps curl to upright row,Strength,Biceps,Intermediate,,,,,,,,,,,
FYR Dumbbell Hammer Curl,Strength,Biceps,Intermediate,,,,,,,,,,,
Dumbbell overhead hold with single-arm curl,Strength,Biceps,Intermediate,,,,,,,,,,,
FYR Kneeling Biceps,Strength,Biceps,Intermediate,,,,,,,,,,,
Lunge hold dumbbell curl,Strength,Biceps,Intermediate,,,,,,,,,,,
FYR Dumbbell Biceps Curl,Strength,Biceps,Intermediate,,,,,,,,,,,
Alternating dumbbell snatch,Strength,Biceps,Intermediate,,,,,,,,,,,
TBS Incline Dumbbell Curl,Strength,Biceps,Intermediate,,,,,,,,,,,
TBS Hammer Curl,Strength,Biceps,Intermediate,,,,,,,,,,,
Reverse-grip dumbbell curl,Strength,Biceps,Intermediate,,,,,,,,,,,
Incline Dumbbell Curl - Gethin Variation,Strength,Biceps,Intermediate,,,,,,,,,,,
Hammer curl,Strength,Biceps,Intermediate,,,,,,,,,,,
Seated Dumbbell Curl - Gethin Variation,Strength,Biceps,Intermediate,,,,,,,,,,,
Dumbbell Hammer Curl - Gethin Variation,Strength,Biceps,Intermediate,,,,,,,,,,,
Single-arm seated dumbbell curl,Strength,Biceps,Intermediate,,,,,,,,,,,
Lying Cable Curl - Gethin Variation,Strength,Biceps,Intermediate,,,,,,,,,,,
Dumbbell biceps curl,Strength,Biceps,Intermediate,,,,,,,,,,,
Seated Biceps Hammer Curl,Strength,Biceps,Intermediate,,,,,,,,,,,
HM Alternating Reverse Lunge With Biceps Curl,Strength,Biceps,Intermediate,,,,,,,,,,,
AM Hammer Curls,Strength,Biceps,Intermediate,,,,,,,,,,,
AM Seated Hammer Curls,Strength,Biceps,Intermediate,,,,,,,,,,,
Seated alternating biceps curl,Strength,Biceps,Intermediate,,,,,,,,,,,
Alternating hammer curl,Strength,Biceps,Intermediate,,,,,,,,,,,
Alternating biceps curl,Strength,Biceps,Intermediate,,,,,,,,,,,
Holman Slow Biceps Curl,Strength,Biceps,Intermediate,,,,,,,,,,,
Holman Biceps Curl to Chest Punch,Strength,Biceps,Intermediate,,,,,,,,,,,
Holman Right Arm Heavy Biceps Curl,Strength,Biceps,Intermediate,,,,,,,,,,,
Holman Left Arm Heavy Biceps Curl,Strength,Biceps,Intermediate,,,,,,,,,,,
Holman Alternating Front Lunge Biceps Curl,Strength,Biceps,Intermediate,,,,,,,,,,,
Holman Weighted Double-Time Biceps Curl,Strength,Biceps,Intermediate,,,,,,,,,,,
Holman Heavy Right Arm Biceps Curl,Strength,Biceps,Intermediate,,,,,,,,,,,
Holman Heavy Left Arm Biceps Curl,Strength,Biceps,Intermediate,,,,,,,,,,,
MetaBurn Dumbbell Drag Curl,Strength,Biceps,Intermediate,,,,,,,,,,,
MetaBurn Hammer Curl to Overhead Press,Strength,Biceps,Intermediate,,,,,,,,,,,
MetaBurn Biceps Curl To Lateral Raise,Strength,Biceps,Intermediate,,,,,,,,,,,
FYR2 Alternating Dumbbell Curl,Strength,Biceps,Intermediate,,,,,,,,,,,
FYR2 Pulse Biceps Curl,Strength,Biceps,Intermediate,,,,,,,,,,,
FYR2 Seesaw Dumbbell Biceps Curl,Strength,Biceps,Intermediate,,,,,,,,,,,
FYR2 Single-Dumbbell Biceps Curl,Strength,Biceps,Intermediate,,,,,,,,,,,
FYR2 Dumbbell Curl-Row Complex,Strength,Biceps,Intermediate,,,,,,,,,,,
30 Arms Standing Dumbbell Hammer Curl 21s,Strength,Biceps,Intermediate,,,,,,,,,,,
30 Arms Standing Biceps Curl,Strength,Biceps,Intermediate,,,,,,,,,,,
30 Arms Standing Alternating Hammer Curl,Strength,Biceps,Intermediate,,,,,,,,,,,
30 Arms Standing Alternating Biceps Curl,Strength,Biceps,Intermediate,,,,,,,,,,,
30 Arms Single-Arm Hammer Preacher Curl,Strength,Biceps,Intermediate,,,,,,,,,,,
30 Arms Single-Arm Dumbbell Preacher Curl,Strength,Biceps,Intermediate,,,,,,,,,,,
30 Arms Seated Dumbbell Concentration Curl,Strength,Biceps,Intermediate,,,,,,,,,,,
30 Arms Seated Biceps Curl,Strength,Biceps,Intermediate,,,,,,,,,,,
30 Arms Seated Alternating Biceps Curl,Strength,Biceps,Intermediate,,,,,,,,,,,
30 Arms Incline Hammer Curl,Strength,Biceps,Intermediate,,,,,,,,,,,
30 Arms Incline Dumbbell Triceps Extension,Strength,Biceps,Intermediate,,,,,,,,,,,
30 Arms Hammer Curl,Strength,Biceps,Intermediate,,,,,,,,,,,
Reverse Plate Curls,Strength,Biceps,Beginner,,,,,,,,,,,
Standing Biceps Stretch,Stretching,Biceps,Beginner,,,,,,,,,,,
Suspended Curl,Strength,Biceps,Beginner,,,,,,,,,,,
Plate hammer curl,Strength,Biceps,Beginner,,,,,,,,,,,
Barbell spider curl,Strength,Biceps,Intermediate,,,,,,,,,,,
Barbell forehead curl,Strength,Biceps,Intermediate,,,,,,,,,,,
Overhead cable curl,Strength,Biceps,Intermediate,,,,,,,,,,,
Standing One-Arm Cable Curl,Strength,Biceps,Beginner,,,,,,,,,,,
Reverse Cable Curl,Strength,Biceps,Beginner,,,,,,,,,,,
Standing Biceps Cable Curl,Strength,Biceps,Intermediate,,,,,,,,,,,
Cable rope hammer curl,Strength,Biceps,Intermediate,,,,,,,,,,,
Lying cable biceps curl,Strength,Biceps,Beginner,,,,,,,,,,,
Cable rope preacher hammer curl,Strength,Biceps,Beginner,,,,,,,,,,,
Lying Close-Grip Bar Curl On High Pulley,Strength,Biceps,Beginner,,,,,,,,,,,
Cable EZ-Bar Preacher Curl - Gethin Variation,Strength,Biceps,Intermediate,,,,,,,,,,,
Squatting cable EZ-bar biceps curl,Strength,Biceps,Intermediate,,,,,,,,,,,
Cable straight-bar biceps curl,Strength,Biceps,Intermediate,,,,,,,,,,,
Standing reverse-grip cable curl,Strength,Biceps,Intermediate,,,,,,,,,,,
Lying high-cable biceps curl,Strength,Biceps,Intermediate,,,,,,,,,,,
High-Pulley Cable Curl - Gethin Variation,Strength,Biceps,Intermediate,,,,,,,,,,,
Standing High Cable Curl - Gethin Variation,Strength,Biceps,Intermediate,,,,,,,,,,,
High Cable Curls,Strength,Biceps,Intermediate,,,,,,,,,,,
Seated cable biceps curl,Strength,Biceps,Intermediate,,,,,,,,,,,
Lying Close-Grip Bar Curl On High Pulley - Gethin Variation,Strength,Biceps,Intermediate,,,,,,,,,,,
Standing Cable Curl - Gethin Variation,Strength,Biceps,Intermediate,,,,,,,,,,,
Double Arm Cable Biceps Curl,Strength,Biceps,Intermediate,,,,,,,,,,,
AM Cable Biceps Curl,Strength,Biceps,Intermediate,,,,,,,,,,,
Single-arm cable biceps curl,Strength,Biceps,Intermediate,,,,,,,,,,,
UP Cable Curl With Straight Bar,Strength,Biceps,Intermediate,,,,,,,,,,,
30 Arms Cable Rope Hammer Curl,Strength,Biceps,Intermediate,,,,,,,,,,,
30 Arms Squatting Cable Straight-Bar Curl,Strength,Biceps,Intermediate,,,,,,,,,,,
30 Arms High Cable Curl,Strength,Biceps,Intermediate,,,,,,,,,,,
30 Arms Cable Straight-Bar Curl,Strength,Biceps,Intermediate,,,,,,,,,,,
30 Arms Cable Concentration Curl,Strength,Biceps,Intermediate,,,,,,,,,,,
30 Arms BFR High Cable Curl,Strength,Biceps,Intermediate,,,,,,,,,,,
BFR cable rope hammer curl,Strength,Biceps,Intermediate,,,,,,,,,,,
Machine Bicep Curl,Strength,Biceps,Beginner,,,,,,,,,,,
Machine Preacher Curls,Strength,Biceps,Beginner,,,,,,,,,,,
Single-arm machine preacher curl,Strength,Biceps,Intermediate,,,,,,,,,,,
Machine preacher curl,Strength,Biceps,Intermediate,,,,,,,,,,,
Smith machine drag curl,Strength,Biceps,Intermediate,,,,,,,,,,,
30 Arms BFR Machine Preacher Curl,Strength,Biceps,Intermediate,,,,,,,,,,,
Seated Biceps,Stretching,Biceps,Beginner,,,,,,,,,,,
TBS Chin-Up,Strength,Biceps,Intermediate,,,,,,,,,,,
Pull-up - Gethin Variation,Strength,Biceps,Intermediate,,,,,,,,,,,
UN Pull-Up Supinated,Strength,Biceps,Intermediate,,,,,,,,,,,
UN Pull-Up Pronated,Strength,Biceps,Intermediate,,,,,,,,,,,
UN Pull-Up Neutral,Strength,Biceps,Intermediate,,,,,,,,,,,
EZ-Bar Curl,Strength,Biceps,Intermediate,,,,,,,,,,,
Reverse Barbell Preacher Curls,Strength,Biceps,Beginner,,,,,,,,,,,
Close-Grip EZ-Bar Curl with Band,Strength,Biceps,Beginner,,,,,,,,,,,
Standing EZ-Bar Curl - Gethin Variation,Strength,Biceps,Intermediate,,,,,,,,,,,
TBS EZ-Bar Curl,Strength,Biceps,Intermediate,,,,,,,,,,,
Standing EZ-bar curl,Strength,Biceps,Intermediate,,,,,,,,,,,
30 Arms Standing Overhand EZ-Bar Curl,Strength,Biceps,Intermediate,,,,,,,,,,,
30 Arms EZ-Bar Spider Curl,Strength,Biceps,Intermediate,,,,,,,,,,,
30 Arms EZ-Bar Preacher Curl,Strength,Biceps,Intermediate,,,,,,,,,,,
30 Arms Standing EZ-Bar Curl,Strength,Biceps,Intermediate,,,,,,,,,,,
Calf Raises - With Bands,Strength,Calves,Beginner,,,,,,,,,,,
Peroneals Stretch,Stretching,Calves,Intermediate,,,,,,,,,,,
Posterior Tibialis Stretch,Stretching,Calves,Intermediate,,,,,,,,,,,
Calf SMR,Stretching,Calves,Beginner,,,,,,,,,,,
Rocking Standing Calf Raise,Strength,Calves,Beginner,,,,,,,,,,,
Standing barbell calf raise,Strength,Calves,Beginner,,,,,,,,,,,
Barbell Seated Calf Raise,Strength,Calves,Beginner,,,,,,,,,,,
Smith machine standing calf raise,Strength,Calves,Intermediate,,,,,,,,,,,
Calf Raise On A Dumbbell,Strength,Calves,Beginner,,,,,,,,,,,
Standing Dumbbell Calf Raise,Strength,Calves,Intermediate,,,,,,,,,,,
Single-leg standing dumbbell calf raise,Strength,Calves,Intermediate,,,,,,,,,,,
Dumbbell walking calf raise,Strength,Calves,Intermediate,,,,,,,,,,,
Balance Board,Strength,Calves,Beginner,,,,,,,,,,,
Weighted donkey calf raise,Strength,Calves,Intermediate,,,,,,,,,,,
Anterior Tibialis-SMR,Stretching,Calves,Beginner,,,,,,,,,,,
Foot-SMR,Stretching,Calves,Beginner,,,,,,,,,,,
Agility Ladder,Cardio,Calves,Intermediate,,,,,,,,,,,
Single-leg machine seated calf raise,Strength,Calves,Intermediate,,,,,,,,,,,
Smith Machine Calf Raise,Strength,Calves,Intermediate,,,,,,,,,,,
Standing Calf Raises,Strength,Calves,Beginner,,,,,,,,,,,
Seated Calf Raise,Strength,Calves,Intermediate,,,,,,,,,,,
Calf Press On The Leg Press Machine,Strength,Calves,Intermediate,,,,,,,,,,,
Calf Press,Strength,Calves,Beginner,,,,,,,,,,,
Smith Machine Reverse Calf Raises,Strength,Calves,Beginner,,,,,,,,,,,
Seated Single-Leg Calf Press - Gethin Variation,Strength,Calves,Intermediate,,,,,,,,,,,
Seated Calf Raise - Gethin Variation,Strength,Calves,Intermediate,,,,,,,,,,,
Donkey Calf Raise - Gethin Variation,Strength,Calves,Intermediate,,,,,,,,,,,
Standing Calf Raise Facing Hack Squat Machine - Gethin Variation,Strength,Calves,Intermediate,,,,,,,,,,,
Calf Press On A Hack Squat Machine - Gethin Variation,Strength,Calves,Intermediate,,,,,,,,,,,
Smith Machine Standing Calf Raises - Gethin Variation,Strength,Calves,Intermediate,,,,,,,,,,,
Hack squat calf raise,Strength,Calves,Intermediate,,,,,,,,,,,
Seated Calf Press - Gethin Variation,Strength,Calves,Intermediate,,,,,,,,,,,
Leg press calf raise,Strength,Calves,Intermediate,,,,,,,,,,,
Machine seated calf raise,Strength,Calves,Intermediate,,,,,,,,,,,
30 Legs Seated Calf Raise,Strength,Calves,Intermediate,,,,,,,,,,,
30 Legs Standing Calf Raise,Strength,Calves,Intermediate,,,,,,,,,,,
Peroneals-SMR,Stretching,Calves,Intermediate,,,,,,,,,,,
Knee Circles,Stretching,Calves,Beginner,,,,,,,,,,,
Standing Gastrocnemius Calf Stretch,Stretching,Calves,Intermediate,,,,,,,,,,,
Wall calf stretch,Stretching,Calves,Intermediate,,,,,,,,,,,
Seated Calf Stretch,Stretching,Calves,Intermediate,,,,,,,,,,,
Standing Calf Raise,Strength,Calves,Intermediate,,,,,,,,,,,
Standing calf raise-,Strength,Calves,Intermediate,,,,,,,,,,,
HM Left Calf-Spike Sumo Pulse,Strength,Calves,Intermediate,,,,,,,,,,,
Ankle Circles,Stretching,Calves,Beginner,,,,,,,,,,,
Calf Stretch Elbows Against Wall,Stretching,Calves,Beginner,,,,,,,,,,,
Standing Soleus And Achilles Stretch,Stretching,Calves,Beginner,,,,,,,,,,,
Cross Over - With Bands,Strength,Chest,Beginner,,,,,,,,,,,
Bench Press - With Bands,Strength,Chest,Beginner,,,,,,,,,,,
Bench Press With Short Bands,Powerlifting,Chest,Beginner,,,,,,,,,,,
Feet-Elevated TRX Push-Up,Strength,Chest,Beginner,,,,,,,,,,,
Band-suspended kettlebell bench press,Strength,Chest,Intermediate,,,,,,,,,,,
HM Banded Cross-Over Pull,Strength,Chest,Intermediate,,,,,,,,,,,
Rusin Band Pull-Apart,Strength,Chest,Intermediate,,,,,,,,,,,
UNS Banded Push-Up,Strength,Chest,Intermediate,,,,,,,,,,,
Taylor Band-Assisted One-Arm Push-Up,Strength,Chest,Intermediate,,,,,,,,,,,
Incline band bench press,Strength,Chest,Intermediate,,,,,,,,,,,
Band push-up,Strength,Chest,Intermediate,,,,,,,,,,,
Band chest fly,Strength,Chest,Intermediate,,,,,,,,,,,
Close-grip bench press,Strength,Chest,Intermediate,,,,,,,,,,,
Barbell Bench Press - Medium Grip,Strength,Chest,Intermediate,,,,,,,,,,,
Decline barbell bench press,Strength,Chest,Intermediate,,,,,,,,,,,
Wide-grip bench press,Strength,Chest,Beginner,,,,,,,,,,,
Wide-Grip Decline Barbell Bench Press,Strength,Chest,Beginner,,,,,,,,,,,
Barbell Incline Bench Press Medium-Grip,Strength,Chest,Intermediate,,,,,,,,,,,
Neck Press,Strength,Chest,Beginner,,,,,,,,,,,
Front Raise And Pullover,Strength,Chest,Beginner,,,,,,,,,,,
Board bench press,Powerlifting,Chest,Intermediate,,,,,,,,,,,
Barbell Bench Press-Wide Grip,Strength,Chest,Beginner,,,,,,,,,,,
Wide-Grip Decline Barbell Pullover,Strength,Chest,Beginner,,,,,,,,,,,
Barbell Guillotine Bench Press,Strength,Chest,Beginner,,,,,,,,,,,
Band-suspended kettlebell bench press,Strength,Chest,Intermediate,,,,,,,,,,,
Paul Carter Incline Bench Press,Strength,Chest,Intermediate,,,,,,,,,,,
Incline bench press,Strength,Chest,Intermediate,,,,,,,,,,,
Bench press,Strength,Chest,Intermediate,,,,,,,,,,,
TBS Close-Grip Bench Press,Strength,Chest,Intermediate,,,,,,,,,,,
AM Flat Bench Barbell Press,Strength,Chest,Intermediate,,,,,,,,,,,
UP Bench Press,Strength,Chest,Intermediate,,,,,,,,,,,
UP Close-Grip Bench Press,Strength,Chest,Intermediate,,,,,,,,,,,
King Maker Barbell Bench Press,Strength,Chest,Intermediate,,,,,,,,,,,
King Maker Incline Barbell Bench Press,Strength,Chest,Intermediate,,,,,,,,,,,
30 Chest Incline Barbell Bench Press,Strength,Chest,Intermediate,,,,,,,,,,,
30 Chest Barbell Bench Press,Strength,Chest,Intermediate,,,,,,,,,,,
30 Chest 30-Degree Incline Dumbbell Press,Strength,Chest,Intermediate,,,,,,,,,,,
Spoto press,Strength,Chest,Intermediate,,,,,,,,,,,
Kettlebell plyo push-up,Strength,Chest,Intermediate,,,,,,,,,,,
Extended Range One-Arm Kettlebell Floor Press,Strength,Chest,Beginner,,,,,,,,,,,
Kettlebell alternating floor press,Strength,Chest,Beginner,,,,,,,,,,,
One-Arm Kettlebell Floor Press,Strength,Chest,Beginner,,,,,,,,,,,
Leg-Over Floor Press,Strength,Chest,Beginner,,,,,,,,,,,
Band-suspended kettlebell bench press,Strength,Chest,Intermediate,,,,,,,,,,,
FYR2 Push-Up to Kettlebell Hike Combo,Strength,Chest,Intermediate,,,,,,,,,,,
Pushups,Strength,Chest,Intermediate,,,,,,,,,,,
Incline Push-Up,Strength,Chest,Intermediate,,,,,,,,,,,
Hands-elevated push-up,Strength,Chest,Beginner,,,,,,,,,,,
Decline Push-Up,Strength,Chest,Intermediate,,,,,,,,,,,
Single-Arm Push-Up,Strength,Chest,Beginner,,,,,,,,,,,
Close push-up to wide push-up,Strength,Chest,Intermediate,,,,,,,,,,,
Wide-grip hands-elevated push-up,Strength,Chest,Beginner,,,,,,,,,,,
Push-Ups With Feet On An Exercise Ball,Strength,Chest,Intermediate,,,,,,,,,,,
Feet-elevated push-up,Strength,Chest,Intermediate,,,,,,,,,,,
Isometric Wipers,Strength,Chest,Beginner,,,,,,,,,,,
Clock push-up,Strength,Chest,Beginner,,,,,,,,,,,
Incline Push-Up Depth Jump,Plyometrics,Chest,Intermediate,,,,,,,,,,,
Push-Up Wide,Strength,Chest,Beginner,,,,,,,,,,,
Sphinx push-up,Strength,Chest,Intermediate,,,,,,,,,,,
Close-Hands Push-Up,Strength,Chest,Beginner,,,,,,,,,,,
Tiger-bend push-up,Strength,Chest,Beginner,,,,,,,,,,,
Plyo push-up,Plyometrics,Chest,Beginner,,,,,,,,,,,
Close-grip hands-elevated push-up,Strength,Chest,Intermediate,,,,,,,,,,,
Suspended push-up,Strength,Chest,Intermediate,,,,,,,,,,,
Push Up to Side Plank,Strength,Chest,Intermediate,,,,,,,,,,,
Isometric Chest Squeezes,Plyometrics,Chest,Beginner,,,,,,,,,,,
Side-to-side push-up,Strength,Chest,Beginner,,,,,,,,,,,
Typewriter push-up,Strength,Chest,Beginner,,,,,,,,,,,
Diamond push-up,Strength,Chest,Intermediate,,,,,,,,,,,
Judo push-up,Strength,Chest,Beginner,,,,,,,,,,,
Superman Push-Up,Plyometrics,Chest,Beginner,,,,,,,,,,,
Wide push-up,Strength,Chest,Beginner,,,,,,,,,,,
One-Arm Push-Up,Strength,Chest,Beginner,,,,,,,,,,,
Clapping Push-Up,Plyometrics,Chest,Beginner,,,,,,,,,,,
Staggered push-up,Strength,Chest,Beginner,,,,,,,,,,,
Reverse-grip hands-elevated push-up,Strength,Chest,Beginner,,,,,,,,,,,
Triple Clap Push-Up,Plyometrics,Chest,Beginner,,,,,,,,,,,
Side kick-through push-up,Strength,Chest,Intermediate,,,,,,,,,,,
Swimming,Cardio,Chest,Intermediate,,,,,,,,,,,
FYR Push-Up,Strength,Chest,Intermediate,,,,,,,,,,,
Frog push-up,Strength,Chest,Intermediate,,,,,,,,,,,
Wide push-up plank hold,Strength,Chest,Intermediate,,,,,,,,,,,
Close push-up,Strength,Chest,Intermediate,,,,,,,,,,,
Push-Up - Gethin Variation,Strength,Chest,Intermediate,,,,,,,,,,,
HM Incline Push-Up On Chair,Strength,Chest,Intermediate,,,,,,,,,,,
HM Push-Up,Strength,Chest,Intermediate,,,,,,,,,,,
HM Push-Plank,Strength,Chest,Intermediate,,,,,,,,,,,
AM Chest Dips,Strength,Chest,Intermediate,,,,,,,,,,,
Push-up,Strength,Chest,Intermediate,,,,,,,,,,,
UP Push-up,Strength,Chest,Intermediate,,,,,,,,,,,
UN Push-Up,Strength,Chest,Intermediate,,,,,,,,,,,
UNS Foam Roll Pecs,Strength,Chest,Intermediate,,,,,,,,,,,
UN Hands Elevated Push-Up,Strength,Chest,Intermediate,,,,,,,,,,,
Holman Seal Drag to Push-Up,Strength,Chest,Intermediate,,,,,,,,,,,
Holman Hand-Elevated Push-Up with Hand Row,Strength,Chest,Intermediate,,,,,,,,,,,
Holman Push-Up,Strength,Chest,Intermediate,,,,,,,,,,,
Holman Slow Hips-Up Chest Press,Strength,Chest,Intermediate,,,,,,,,,,,
Holman Jump-Out Push-Up with Hand Hop Back,Strength,Chest,Intermediate,,,,,,,,,,,
Holman Froggy Push-Up to Donkey Kick,Strength,Chest,Intermediate,,,,,,,,,,,
Holman Push-Up to Sit Back,Strength,Chest,Intermediate,,,,,,,,,,,
Holman Sit Back Push-Up,Strength,Chest,Intermediate,,,,,,,,,,,
Holman Alternating Staggered Push-Up,Strength,Chest,Intermediate,,,,,,,,,,,
Holman Foot-Up Diving Push-Up,Strength,Chest,Intermediate,,,,,,,,,,,
Holman Narrow Push-Up,Strength,Chest,Intermediate,,,,,,,,,,,
Holman Dynamo Push-Up,Strength,Chest,Intermediate,,,,,,,,,,,
Holman Jump to Push-Up,Strength,Chest,Intermediate,,,,,,,,,,,
Holman Foot-Elevated Push-Up,Strength,Chest,Intermediate,,,,,,,,,,,
Holman Feet-Elevated Push-Up,Strength,Chest,Intermediate,,,,,,,,,,,
Total Fitness Plyo Push-Up,Strength,Chest,Intermediate,,,,,,,,,,,
Scapular push-up,Strength,Chest,Intermediate,,,,,,,,,,,
King Maker Push-up,Strength,Chest,Intermediate,,,,,,,,,,,
Warrior push-up,Strength,Chest,Intermediate,,,,,,,,,,,
Taylor Roll-Over Push-Up,Strength,Chest,Intermediate,,,,,,,,,,,
Taylor One-Arm Push-Up Slow Negative,Strength,Chest,Intermediate,,,,,,,,,,,
30 Chest Push-Up To Isometric Hold,Strength,Chest,Intermediate,,,,,,,,,,,
30 Chest Push-Up,Strength,Chest,Intermediate,,,,,,,,,,,
30 Chest Bench Push-Up,Strength,Chest,Intermediate,,,,,,,,,,,
MetaBurn 3-Phase Push-Up,Strength,Chest,Intermediate,,,,,,,,,,,
MetaBurn Fast Feet To Push-Up,Strength,Chest,Intermediate,,,,,,,,,,,
MetaBurn Judo Push-Up To Pike Push-Up,Strength,Chest,Intermediate,,,,,,,,,,,
MetaBurn Pike Push-Up,Strength,Chest,Intermediate,,,,,,,,,,,
MetaBurn Push-Up To Frogger,Strength,Chest,Intermediate,,,,,,,,,,,
MetaBurn Push-Up With Hand Side-Step,Strength,Chest,Intermediate,,,,,,,,,,,
MetaBurn Push-Up With Hand-Up Rotation,Strength,Chest,Intermediate,,,,,,,,,,,
MetaBurn Sphinx Push-Up,Strength,Chest,Intermediate,,,,,,,,,,,
MetaBurn Spiderman Push-Up,Strength,Chest,Intermediate,,,,,,,,,,,
Roberston Push-up to Down Dog,Strength,Chest,Intermediate,,,,,,,,,,,
FYR2 Push-Up-Breakdancer-Shoulder-Tap Complex,Strength,Chest,Intermediate,,,,,,,,,,,
ACFT Hand-release push-up,Strength,Chest,Intermediate,,,,,,,,,,,
1.5-rep push-up,Strength,Chest,Intermediate,,,,,,,,,,,
ACFT Triple-clap push-up,Strength,Chest,Intermediate,,,,,,,,,,,
ACFT Superman push-up,Strength,Chest,Intermediate,,,,,,,,,,,
Cross-over push-up,Strength,Chest,Intermediate,,,,,,,,,,,
Leverage Incline Chest Press,Strength,Chest,Beginner,,,,,,,,,,,
Butterfly,Strength,Chest,Intermediate,,,,,,,,,,,
Leverage Chest Press,Strength,Chest,Beginner,,,,,,,,,,,
Decline Smith Press,Strength,Chest,Beginner,,,,,,,,,,,
Smith machine bench press,Strength,Chest,Intermediate,,,,,,,,,,,
Leverage Decline Chest Press,Strength,Chest,Beginner,,,,,,,,,,,
Machine chest press,Strength,Chest,Intermediate,,,,,,,,,,,
Smith Machine Incline Bench Press,Strength,Chest,Intermediate,,,,,,,,,,,
Smith Machine Close-Grip Bench Press,Strength,Chest,Intermediate,,,,,,,,,,,
Smith Machine Decline Press,Strength,Chest,Beginner,,,,,,,,,,,
Smith machine bench press throw,Strength,Chest,Beginner,,,,,,,,,,,
Machine chest fly,Strength,Chest,Intermediate,,,,,,,,,,,
Machine bench press,Strength,Chest,Intermediate,,,,,,,,,,,
Machine Seated Chest Press - Gethin Variation,Strength,Chest,Intermediate,,,,,,,,,,,
Smith machine weighted push-up,Strength,Chest,Intermediate,,,,,,,,,,,
Smith machine incline bench press-,Strength,Chest,Intermediate,,,,,,,,,,,
Smith machine decline bench press,Strength,Chest,Intermediate,,,,,,,,,,,
AM Pec Dec,Strength,Chest,Intermediate,,,,,,,,,,,
30 Chest Machine Flat Chest Press,Strength,Chest,Intermediate,,,,,,,,,,,
Smith machine push-up,Strength,Chest,Intermediate,,,,,,,,,,,
30 Chest Smith Machine Incline Chest Press,Strength,Chest,Intermediate,,,,,,,,,,,
30 Chest Smith Machine Chest Press,Strength,Chest,Intermediate,,,,,,,,,,,
30 Chest Machine Incline Chest Press,Strength,Chest,Intermediate,,,,,,,,,,,
30 Chest Machine Fly,Strength,Chest,Intermediate,,,,,,,,,,,
30 Chest 30-Degree Incline Smith Machine Press,Strength,Chest,Intermediate,,,,,,,,,,,
Low-cable cross-over,Strength,Chest,Intermediate,,,,,,,,,,,
Incline cable chest fly,Strength,Chest,Intermediate,,,,,,,,,,,
Cable Crossover,Strength,Chest,Intermediate,,,,,,,,,,,
Incline cable chest press,Strength,Chest,Beginner,,,,,,,,,,,
Cable Chest Press,Strength,Chest,Beginner,,,,,,,,,,,
Single-arm cable cross-over,Strength,Chest,Intermediate,,,,,,,,,,,
Cable cross-over,Strength,Chest,Beginner,,,,,,,,,,,
Standing Cable Chest Press,Strength,Chest,Beginner,,,,,,,,,,,
Lying cable chest fly,Strength,Chest,Intermediate,,,,,,,,,,,
Paul Carter Cable Cross-Over,Strength,Chest,Intermediate,,,,,,,,,,,
One-Arm Cable Crossover - Gethin Variation,Strength,Chest,Intermediate,,,,,,,,,,,
Incline Cable Fly - Gethin Variation,Strength,Chest,Intermediate,,,,,,,,,,,
Cable Cross-Over - Gethin Variation,Strength,Chest,Intermediate,,,,,,,,,,,
Seated cable chest fly,Strength,Chest,Intermediate,,,,,,,,,,,
Single-arm incline cable cross-over-,Strength,Chest,Intermediate,,,,,,,,,,,
High-to-low cable chest fly,Strength,Chest,Intermediate,,,,,,,,,,,
UP Cable Cross-Over,Strength,Chest,Intermediate,,,,,,,,,,,
UP Cable Fly,Strength,Chest,Intermediate,,,,,,,,,,,
30 Chest Low-To-High Cable Fly,Strength,Chest,Intermediate,,,,,,,,,,,
30 Chest Incline Cable Fly,Strength,Chest,Intermediate,,,,,,,,,,,
30 Chest Incline Cable Chest Press,Strength,Chest,Intermediate,,,,,,,,,,,
30 Chest High-To-Low Cable Press,Strength,Chest,Intermediate,,,,,,,,,,,
30 Chest High-To-Low Cable Fly,Strength,Chest,Intermediate,,,,,,,,,,,
30 Chest Shoulder-Height Cable Fly,Strength,Chest,Intermediate,,,,,,,,,,,
Cable Pec Fly,Strength,Chest,Intermediate,,,,,,,,,,,
Chest Push (multiple response),Plyometrics,Chest,Beginner,,,,,,,,,,,
Medicine Ball Chest Pass,Plyometrics,Chest,Intermediate,,,,,,,,,,,
Medicine ball sprawl to chest press,Strength,Chest,Intermediate,,,,,,,,,,,
Medicine ball push-up,Strength,Chest,Intermediate,,,,,,,,,,,
Chest Push (single response),Plyometrics,Chest,Beginner,,,,,,,,,,,
Chest Push with Run Release,Plyometrics,Chest,Beginner,,,,,,,,,,,
Chest Push from 3 point stance,Plyometrics,Chest,Beginner,,,,,,,,,,,
Dumbbell Bench Press,Strength,Chest,Intermediate,,,,,,,,,,,
Dumbbell Flyes,Strength,Chest,Intermediate,,,,,,,,,,,
Incline dumbbell bench press,Strength,Chest,Intermediate,,,,,,,,,,,
Decline Dumbbell Flyes,Strength,Chest,Intermediate,,,,,,,,,,,
Reverse-grip incline dumbbell bench press,Strength,Chest,Beginner,,,,,,,,,,,
Incline Dumbbell Flyes,Strength,Chest,Intermediate,,,,,,,,,,,
Neutral-grip dumbbell bench press,Strength,Chest,Intermediate,,,,,,,,,,,
Decline dumbbell bench press,Strength,Chest,Intermediate,,,,,,,,,,,
Single-arm kettlebell row,Strength,Chest,Intermediate,,,,,,,,,,,
Hammer Grip Incline DB Bench Press,Strength,Chest,Beginner,,,,,,,,,,,
Straight-arm dumbbell pull-over,Strength,Chest,Intermediate,,,,,,,,,,,
Incline Dumbbell Bench With Palms Facing In,Strength,Chest,Beginner,,,,,,,,,,,
Incline Dumbbell Flyes - With A Twist,Strength,Chest,Beginner,,,,,,,,,,,
Bent-arm dumbbell pull-over,Strength,Chest,Intermediate,,,,,,,,,,,
Close-grip dumbbell bench press,Strength,Chest,Intermediate,,,,,,,,,,,
Single-dumbbell push-up,Strength,Chest,Intermediate,,,,,,,,,,,
One-Arm Flat Bench Dumbbell Flye,Strength,Chest,Beginner,,,,,,,,,,,
Dumbbell Fix Dumbbell Floor Chest Fly,Strength,Chest,Intermediate,,,,,,,,,,,
Dumbbell Fix Traveling Push-Up,Strength,Chest,Intermediate,,,,,,,,,,,
Incline dumbbell chest fly,Strength,Chest,Intermediate,,,,,,,,,,,
Paul Carter Dumbbell Shrug,Strength,Chest,Intermediate,,,,,,,,,,,
Dumbbell push-up row,Strength,Chest,Intermediate,,,,,,,,,,,
TBS Dumbbell Incline Press,Strength,Chest,Intermediate,,,,,,,,,,,
Incline Dumbbell Fly - Gethin Variation,Strength,Chest,Intermediate,,,,,,,,,,,
Dumbbell bench press-,Strength,Chest,Intermediate,,,,,,,,,,,
Decline dumbbell fly and press,Strength,Chest,Intermediate,,,,,,,,,,,
Incline dumbbell fly and press,Strength,Chest,Intermediate,,,,,,,,,,,
Single-arm decline dumbbell bench press,Strength,Chest,Intermediate,,,,,,,,,,,
Single-arm incline dumbbell bench press,Strength,Chest,Intermediate,,,,,,,,,,,
Incline Dumbbell Press - Gethin Variation,Strength,Chest,Intermediate,,,,,,,,,,,
Dumbbell Chest Press - Gethin Variation,Strength,Chest,Intermediate,,,,,,,,,,,
Dumbbell Floor Press - Gethin Variation,Strength,Chest,Intermediate,,,,,,,,,,,
Decline Dumbbell Press - Gethin Variation,Strength,Chest,Intermediate,,,,,,,,,,,
Dumbbell chest fly,Strength,Chest,Intermediate,,,,,,,,,,,
Machine rear delt fly,Strength,Chest,Intermediate,,,,,,,,,,,
AM Dumbbell Bench Press,Strength,Chest,Intermediate,,,,,,,,,,,
UP Incline Dumbbell Press,Strength,Chest,Intermediate,,,,,,,,,,,
UP Incline Dumbbell Fly,Strength,Chest,Intermediate,,,,,,,,,,,
Holman Push-Up to Belly Touch,Strength,Chest,Intermediate,,,,,,,,,,,
Single-arm dumbbell floor press,Strength,Chest,Intermediate,,,,,,,,,,,
Total Fitness Weighted Push-Up,Strength,Chest,Intermediate,,,,,,,,,,,
King Maker Standing Dumbbell Shoulder Press,Strength,Chest,Intermediate,,,,,,,,,,,
30 Chest Incline Dumbbell Fly,Strength,Chest,Intermediate,,,,,,,,,,,
30 Chest Incline Dumbbell Bench Press,Strength,Chest,Intermediate,,,,,,,,,,,
30 Chest Dumbbells-Together Press,Strength,Chest,Intermediate,,,,,,,,,,,
30 Chest Dumbbells-Together Incline Bench Press,Strength,Chest,Intermediate,,,,,,,,,,,
30 Chest Dumbbell Fly,Strength,Chest,Intermediate,,,,,,,,,,,
30 Chest Dumbbell Bench Press,Strength,Chest,Intermediate,,,,,,,,,,,
30 Chest 30-Degree Incline Dumbbell Fly,Strength,Chest,Intermediate,,,,,,,,,,,
FYR2 Single-Dumbbell Push-Up,Strength,Chest,Intermediate,,,,,,,,,,,
Bodyweight Flyes,Strength,Chest,Beginner,,,,,,,,,,,
Close-grip EZ-bar bench press,Strength,Chest,Intermediate,,,,,,,,,,,
Chest dip,Strength,Chest,Intermediate,,,,,,,,,,,
Drop Push,Plyometrics,Chest,Beginner,,,,,,,,,,,
Forward Drag with Press,Strongman,Chest,Beginner,,,,,,,,,,,
Chain Press,Powerlifting,Chest,Beginner,,,,,,,,,,,
Behind Head Chest Stretch,Stretching,Chest,Beginner,,,,,,,,,,,
Pass-through stretch with band,Stretching,Chest,Beginner,,,,,,,,,,,
Weighted Push-Up,Strength,Chest,Intermediate,,,,,,,,,,,
Heavy Bag Thrust,Plyometrics,Chest,Beginner,,,,,,,,,,,
Decline Explosive Push-Up,Plyometrics,Chest,Beginner,,,,,,,,,,,
Suspended Chest Fly,Strength,Chest,Beginner,,,,,,,,,,,
Svend press,Strength,Chest,Beginner,,,,,,,,,,,
Bar Push-Up Smith Machine,Plyometrics,Chest,Beginner,,,,,,,,,,,
Plate-weighted push-up,Strength,Chest,Intermediate,,,,,,,,,,,
Double-bar roll-out chest fly,Strength,Chest,Intermediate,,,,,,,,,,,
Holman Plate Dynamo Push-Up,Strength,Chest,Intermediate,,,,,,,,,,,
Holman Towel Drag Two Steps to Push-Up,Strength,Chest,Intermediate,,,,,,,,,,,
Taylor Val Slide Push-Up/Fly Combo,Strength,Chest,Intermediate,,,,,,,,,,,
Exercise ball chest stretch,Stretching,Chest,Beginner,,,,,,,,,,,
Bosu Ball Push-Up,Strength,Chest,Beginner,,,,,,,,,,,
Feet-elevated push-up on ball,Strength,Chest,Intermediate,,,,,,,,,,,
Standing alternating band speed row,Strength,Forearms,Intermediate,,,,,,,,,,,
Band roundhouse elbow,Strength,Forearms,Intermediate,,,,,,,,,,,
Palms-down wrist curl over bench,Strength,Forearms,Intermediate,,,,,,,,,,,
Palms-up wrist curl over bench,Strength,Forearms,Intermediate,,,,,,,,,,,
Standing behind-the-back wrist curl,Strength,Forearms,Beginner,,,,,,,,,,,
Seated finger curl,Strength,Forearms,Beginner,,,,,,,,,,,
Seated palms-up wrist curl,Strength,Forearms,Intermediate,,,,,,,,,,,
Bottoms-Up Clean From The Hang Position,Strength,Forearms,Beginner,,,,,,,,,,,
Seated One-Arm Dumbbell Palms-Up Wrist Curl,Strength,Forearms,Beginner,,,,,,,,,,,
Palms-Up Dumbbell Wrist Curl Over A Bench,Strength,Forearms,Beginner,,,,,,,,,,,
Seated palms-down wrist curl,Strength,Forearms,Beginner,,,,,,,,,,,
Palms-Down Dumbbell Wrist Curl Over A Bench,Strength,Forearms,Beginner,,,,,,,,,,,
Seated One-Arm Dumbbell Palms-Down Wrist Curl,Strength,Forearms,Beginner,,,,,,,,,,,
Seated Dumbbell Palms-Up Wrist Curl,Strength,Forearms,Beginner,,,,,,,,,,,
Partner farmer's walk,Strength,Forearms,Beginner,,,,,,,,,,,
Dumbbell suitcase carry,Strength,Forearms,Intermediate,,,,,,,,,,,
Suitcase Dumbbell Carry,Strength,Forearms,Intermediate,,,,,,,,,,,
Side plank with dumbbell external rotation,Strength,Forearms,Intermediate,,,,,,,,,,,
Rickshaw Carry,Strongman,Forearms,Beginner,,,,,,,,,,,
Dumbbell farmer's walk,Strongman,Forearms,Intermediate,,,,,,,,,,,
Wrist Roller,Strength,Forearms,Beginner,,,,,,,,,,,
Standing Olympic Plate Hand Squeeze,Strength,Forearms,Beginner,,,,,,,,,,,
Plate Pinch,Strength,Forearms,Beginner,,,,,,,,,,,
Landmine Press and Catch,Strength,Forearms,Intermediate,,,,,,,,,,,
Plate halo,Strength,Forearms,Intermediate,,,,,,,,,,,
Bryant Wrist Curl,Strength,Forearms,Intermediate,,,,,,,,,,,
Seated Two-Arm Palms-Up Low-Pulley Wrist Curl,Strength,Forearms,Beginner,,,,,,,,,,,
Cable Wrist Curl,Strength,Forearms,Beginner,,,,,,,,,,,
Single-arm cable push-down,Strength,Forearms,Intermediate,,,,,,,,,,,
Wrist Circles,Stretching,Forearms,Beginner,,,,,,,,,,,
Kneeling Forearm Stretch,Stretching,Forearms,Beginner,,,,,,,,,,,
Hip Extension with Bands,Strength,Glutes,Beginner,,,,,,,,,,,
Hip Lift with Band,Powerlifting,Glutes,Beginner,,,,,,,,,,,
HM Monster Walk,Strength,Glutes,Intermediate,,,,,,,,,,,
UNS Banded Glute Bridge,Strength,Glutes,Intermediate,,,,,,,,,,,
FYR2 Banded Glute Bridge,Strength,Glutes,Intermediate,,,,,,,,,,,
Piriformis SMR,Stretching,Glutes,Intermediate,,,,,,,,,,,
Barbell glute bridge,Powerlifting,Glutes,Intermediate,,,,,,,,,,,
Barbell Hip Thrust,Powerlifting,Glutes,Intermediate,,,,,,,,,,,
Kneeling Squat,Powerlifting,Glutes,Beginner,,,,,,,,,,,
Kneeling Jump Squat,Olympic Weightlifting,Glutes,Beginner,,,,,,,,,,,
UN Rear Foot Elevated Split Squat,Strength,Glutes,Intermediate,,,,,,,,,,,
Kettlebell thruster,Strength,Glutes,Intermediate,,,,,,,,,,,
Taylor Kettlebell Swing,Strength,Glutes,Intermediate,,,,,,,,,,,
UN Goblet Squat,Strength,Glutes,Intermediate,,,,,,,,,,,
Single-arm triceps kick-back,Strength,Glutes,Intermediate,,,,,,,,,,,
Holman Lateral High Knees to Quad Touch Jump,Strength,Glutes,Intermediate,,,,,,,,,,,
FYR2 Dumbbell Hip Thrust,Strength,Glutes,Intermediate,,,,,,,,,,,
FYR2 Glute Bridge Dumbbell Floor Press,Strength,Glutes,Intermediate,,,,,,,,,,,
Suspended Hip Thrust,Strength,Glutes,Beginner,,,,,,,,,,,
Single-leg cable hip extension,Strength,Glutes,Intermediate,,,,,,,,,,,
Pull Through,Strength,Glutes,Beginner,,,,,,,,,,,
Cable rope pull-through deadlift,Strength,Glutes,Intermediate,,,,,,,,,,,
UNS Cable Pull-Through,Strength,Glutes,Intermediate,,,,,,,,,,,
30 Legs Glute-Ham Raise,Strength,Glutes,Intermediate,,,,,,,,,,,
Glute bridge,Strength,Glutes,Intermediate,,,,,,,,,,,
Single-leg glute bridge,Strength,Glutes,Intermediate,,,,,,,,,,,
Step-up with knee raise,Strength,Glutes,Intermediate,,,,,,,,,,,
Glute Kickback,Strength,Glutes,Beginner,,,,,,,,,,,
Standing hip extension,Strength,Glutes,Beginner,,,,,,,,,,,
Lying glute stretch,Stretching,Glutes,Intermediate,,,,,,,,,,,
Knee Across The Body,Stretching,Glutes,Intermediate,,,,,,,,,,,
Seated Glute,Stretching,Glutes,Beginner,,,,,,,,,,,
Lying Glute,Stretching,Glutes,Beginner,,,,,,,,,,,
One Knee To Chest,Stretching,Glutes,Intermediate,,,,,,,,,,,
Seated Glute Stretch,Stretching,Glutes,Beginner,,,,,,,,,,,
Neck Bridge Supine,Strength,Glutes,Beginner,,,,,,,,,,,
Walking High Knee,Strength,Glutes,Intermediate,,,,,,,,,,,
Walking Butt Kicks,Strength,Glutes,Intermediate,,,,,,,,,,,
Walking Glute Stretch,Strength,Glutes,Intermediate,,,,,,,,,,,
Lunge kick,Strength,Glutes,Intermediate,,,,,,,,,,,
Curtsy lunge,Strength,Glutes,Intermediate,,,,,,,,,,,
Alternating standing glute stretch,Stretching,Glutes,Intermediate,,,,,,,,,,,
Side-lying leg lift,Strength,Glutes,Intermediate,,,,,,,,,,,
FYR Progressive High Knee,Strength,Glutes,Intermediate,,,,,,,,,,,
Glute-Ham Raise - Gethin Variation,Strength,Glutes,Intermediate,,,,,,,,,,,
Lunge glute stretch,Stretching,Glutes,Intermediate,,,,,,,,,,,
Natural Glute Ham Raise - Gethin Variation,Strength,Glutes,Intermediate,,,,,,,,,,,
Groiner,Strength,Glutes,Intermediate,,,,,,,,,,,
HM Alternating Donkey Kick,Strength,Glutes,Intermediate,,,,,,,,,,,
HM Alternating Slow Step-Down With Chair,Strength,Glutes,Intermediate,,,,,,,,,,,
HM Right Side Iron Cross,Strength,Glutes,Intermediate,,,,,,,,,,,
HM Single-Leg Bridge,Strength,Glutes,Intermediate,,,,,,,,,,,
HM Hi-Low,Strength,Glutes,Intermediate,,,,,,,,,,,
HM Kick-Back,Strength,Glutes,Intermediate,,,,,,,,,,,
HM Left Side Iron Cross,Strength,Glutes,Intermediate,,,,,,,,,,,
HM Left Side-Kick,Strength,Glutes,Intermediate,,,,,,,,,,,
HM Leg Lifts,Strength,Glutes,Intermediate,,,,,,,,,,,
Walking lunge,Strength,Glutes,Intermediate,,,,,,,,,,,
High Plyometric Box Jump,Strength,Glutes,Intermediate,,,,,,,,,,,
Barbell hip thrust-,Strength,Glutes,Intermediate,,,,,,,,,,,
UN Glute Bridge,Strength,Glutes,Intermediate,,,,,,,,,,,
Holman Donkey Kick,Strength,Glutes,Intermediate,,,,,,,,,,,
Holman Hip Raise with Alternating Kick,Strength,Glutes,Intermediate,,,,,,,,,,,
Holman Left Leg Donkey Kick,Strength,Glutes,Intermediate,,,,,,,,,,,
Holman Diagonal Right Leg Step-Out to Right Knee-Up,Strength,Glutes,Intermediate,,,,,,,,,,,
Holman Right Leg Donkey Kick,Strength,Glutes,Intermediate,,,,,,,,,,,
Holman Butt Tap to Jump,Strength,Glutes,Intermediate,,,,,,,,,,,
Holman Butt Tap to Jump-Forward-Jump-Back,Strength,Glutes,Intermediate,,,,,,,,,,,
Holman Traveling High Knees to Squat Thrust,Strength,Glutes,Intermediate,,,,,,,,,,,
Holman Butt Kicker to High Knees,Strength,Glutes,Intermediate,,,,,,,,,,,
Holman Daisy Cutter,Strength,Glutes,Intermediate,,,,,,,,,,,
Holman Frogger,Strength,Glutes,Intermediate,,,,,,,,,,,
Holman Hip Raise with Chest Press,Strength,Glutes,Intermediate,,,,,,,,,,,
Total Fitness Bear Crawl,Strength,Glutes,Intermediate,,,,,,,,,,,
Pigeon stretch,Strength,Glutes,Intermediate,,,,,,,,,,,
Levitating side kick-through,Strength,Glutes,Intermediate,,,,,,,,,,,
30 Legs Hip Thrust,Strength,Glutes,Intermediate,,,,,,,,,,,
Dumbbell single-leg hip thrust,Strength,Glutes,Intermediate,,,,,,,,,,,
Medicine ball duck walk,Strength,Glutes,Intermediate,,,,,,,,,,,
Exercise ball hip thrust,Strength,Glutes,Intermediate,,,,,,,,,,,
Downward Facing Balance,Strength,Glutes,Beginner,,,,,,,,,,,
Band Good Morning (Pull Through),Powerlifting,Hamstrings,Beginner,,,,,,,,,,,
Standing Hamstring and Calf Stretch,Stretching,Hamstrings,Intermediate,,,,,,,,,,,
Hamstring-SMR,Stretching,Hamstrings,Beginner,,,,,,,,,,,
Barbell Deadlift,Strength,Hamstrings,Intermediate,,,,,,,,,,,
Clean Deadlift,Olympic Weightlifting,Hamstrings,Beginner,,,,,,,,,,,
Sumo deadlift,Powerlifting,Hamstrings,Beginner,,,,,,,,,,,
Romanian Deadlift from Deficit,Olympic Weightlifting,Hamstrings,Beginner,,,,,,,,,,,
Power Snatch,Olympic Weightlifting,Hamstrings,Beginner,,,,,,,,,,,
Power Clean from Blocks,Olympic Weightlifting,Hamstrings,Beginner,,,,,,,,,,,
Snatch Deadlift,Olympic Weightlifting,Hamstrings,Beginner,,,,,,,,,,,
Power clean,Strength,Hamstrings,Intermediate,,,,,,,,,,,
Hang Snatch,Olympic Weightlifting,Hamstrings,Beginner,,,,,,,,,,,
Wide Stance Stiff Legs,Olympic Weightlifting,Hamstrings,Beginner,,,,,,,,,,,
Clean,Olympic Weightlifting,Hamstrings,Beginner,,,,,,,,,,,
Good Morning,Powerlifting,Hamstrings,Intermediate,,,,,,,,,,,
Barbell stiff-legged deadlift,Strength,Hamstrings,Intermediate,,,,,,,,,,,
Romanian Deadlift,Strength,Hamstrings,Intermediate,,,,,,,,,,,
Sumo Deadlift with Chains,Powerlifting,Hamstrings,Beginner,,,,,,,,,,,
Sumo Deadlift with Bands,Powerlifting,Hamstrings,Beginner,,,,,,,,,,,
Good Morning off Pins,Powerlifting,Hamstrings,Beginner,,,,,,,,,,,
Stiff-Legged Deadlift,Strength,Hamstrings,Beginner,,,,,,,,,,,
Snatch Pull,Strength,Hamstrings,Beginner,,,,,,,,,,,
Hanging Bar Good Morning,Powerlifting,Hamstrings,Beginner,,,,,,,,,,,
Reverse Band Sumo Deadlift,Powerlifting,Hamstrings,Beginner,,,,,,,,,,,
Muscle Snatch,Olympic Weightlifting,Hamstrings,Beginner,,,,,,,,,,,
Split Snatch,Olympic Weightlifting,Hamstrings,Beginner,,,,,,,,,,,
Hang Snatch - Below Knees,Olympic Weightlifting,Hamstrings,Beginner,,,,,,,,,,,
30 Legs Sumo Deadlift,Strength,Hamstrings,Intermediate,,,,,,,,,,,
Kettlebell pass-through lunge,Strength,Hamstrings,Intermediate,,,,,,,,,,,
Kettlebell One-Legged Deadlift,Strength,Hamstrings,Intermediate,,,,,,,,,,,
Single-arm kettlebell clean,Strength,Hamstrings,Beginner,,,,,,,,,,,
Single-leg kettlebell deadlift,Strength,Hamstrings,Intermediate,,,,,,,,,,,
Romanian Deadlift with Kettlebell,Strength,Hamstrings,Beginner,,,,,,,,,,,
Single-arm kettlebell swing,Strength,Hamstrings,Intermediate,,,,,,,,,,,
Kettlebell Dead Clean,Strength,Hamstrings,Beginner,,,,,,,,,,,
Alternating Hang Clean,Strength,Hamstrings,Beginner,,,,,,,,,,,
One-Arm Open Palm Kettlebell Clean,Strength,Hamstrings,Beginner,,,,,,,,,,,
Open Palm Kettlebell Clean,Strength,Hamstrings,Beginner,,,,,,,,,,,
Kettlebell Hang Clean,Strength,Hamstrings,Beginner,,,,,,,,,,,
Double Kettlebell Alternating Hang Clean,Strength,Hamstrings,Beginner,,,,,,,,,,,
Romanian Deadlift With Dumbbells,Strength,Hamstrings,Beginner,,,,,,,,,,,
Stiff-Legged Dumbbell Deadlift,Strength,Hamstrings,Intermediate,,,,,,,,,,,
Vertical Swing,Plyometrics,Hamstrings,Beginner,,,,,,,,,,,
Dumbbell Fix Dumbbell Swing,Strength,Hamstrings,Intermediate,,,,,,,,,,,
Dumbbell Lying Hamstring Curl,Strength,Hamstrings,Intermediate,,,,,,,,,,,
30 Legs Dumbbell Stiff-Legged Deadlift,Strength,Hamstrings,Intermediate,,,,,,,,,,,
Box jump,Plyometrics,Hamstrings,Beginner,,,,,,,,,,,
Box Jump (Multiple Response),Plyometrics,Hamstrings,Intermediate,,,,,,,,,,,
Sled push-,Cardio,Hamstrings,Beginner,,,,,,,,,,,
Lying Hamstring,Stretching,Hamstrings,Beginner,,,,,,,,,,,
Chair Leg Extended Stretch,Stretching,Hamstrings,Beginner,,,,,,,,,,,
Suspended Leg Curl,Strength,Hamstrings,Beginner,,,,,,,,,,,
Box Skip,Plyometrics,Hamstrings,Beginner,,,,,,,,,,,
Power Stairs,Strongman,Hamstrings,Beginner,,,,,,,,,,,
Seated Hamstring and Calf Stretch,Stretching,Hamstrings,Beginner,,,,,,,,,,,
Hamstring slide,Strength,Hamstrings,Beginner,,,,,,,,,,,
Seated Band Hamstring Curl,Strength,Hamstrings,Intermediate,,,,,,,,,,,
Lying cable leg curl,Strength,Hamstrings,Intermediate,,,,,,,,,,,
Standing cable leg curl,Strength,Hamstrings,Intermediate,,,,,,,,,,,
Lying Leg Curls,Strength,Hamstrings,Beginner,,,,,,,,,,,
Glute Ham Raise,Powerlifting,Hamstrings,Intermediate,,,,,,,,,,,
Reverse Hyperextension,Strength,Hamstrings,Beginner,,,,,,,,,,,
Seated Leg Curl,Strength,Hamstrings,Intermediate,,,,,,,,,,,
Standing Leg Curl,Strength,Hamstrings,Beginner,,,,,,,,,,,
Smith machine stiff-legged deadlift,Strength,Hamstrings,Beginner,,,,,,,,,,,
Lying Leg Curl - Gethin Variation,Strength,Hamstrings,Intermediate,,,,,,,,,,,
Paul Carter Leg Extension,Strength,Hamstrings,Intermediate,,,,,,,,,,,
Lying leg curl,Strength,Hamstrings,Intermediate,,,,,,,,,,,
Seated Hamstring Curl - Gethin Variation,Strength,Hamstrings,Intermediate,,,,,,,,,,,
Single-leg lying leg curl,Strength,Hamstrings,Intermediate,,,,,,,,,,,
Leg curl,Strength,Hamstrings,Intermediate,,,,,,,,,,,
Leg Extension - Gethin Variation,Strength,Hamstrings,Intermediate,,,,,,,,,,,
Single-leg leg extension-,Strength,Hamstrings,Intermediate,,,,,,,,,,,
Lying Hamstring Curls - Gethin Variation,Strength,Hamstrings,Intermediate,,,,,,,,,,,
AM Seated Hamstring Curl,Strength,Hamstrings,Intermediate,,,,,,,,,,,
UP Hamstring Curl,Strength,Hamstrings,Intermediate,,,,,,,,,,,
30 Legs Leg Extension,Strength,Hamstrings,Intermediate,,,,,,,,,,,
30 Legs Seated Leg Curl,Strength,Hamstrings,Intermediate,,,,,,,,,,,
Natural Glute Ham Raise,Strength,Hamstrings,Beginner,,,,,,,,,,,
Standing leg swing,Stretching,Hamstrings,Beginner,,,,,,,,,,,
Linear Acceleration Wall Drill,Plyometrics,Hamstrings,Intermediate,,,,,,,,,,,
Knee Tuck Jump,Plyometrics,Hamstrings,Intermediate,,,,,,,,,,,
Leg-Up Hamstring Stretch,Stretching,Hamstrings,Intermediate,,,,,,,,,,,
Inchworm,Stretching,Hamstrings,Beginner,,,,,,,,,,,
Moving Claw Series,Plyometrics,Hamstrings,Intermediate,,,,,,,,,,,
Lying groin stretch with band,Stretching,Hamstrings,Intermediate,,,,,,,,,,,
90/90 Hamstring,Stretching,Hamstrings,Beginner,,,,,,,,,,,
World's greatest stretch,Stretching,Hamstrings,Intermediate,,,,,,,,,,,
The Straddle,Stretching,Hamstrings,Intermediate,,,,,,,,,,,
Prone Manual Hamstring,Strength,Hamstrings,Intermediate,,,,,,,,,,,
Knee To Chest,Stretching,Hamstrings,Beginner,,,,,,,,,,,
Hurdle Hops,Plyometrics,Hamstrings,Intermediate,,,,,,,,,,,
Hip Stretch With Twist,Stretching,Hamstrings,Beginner,,,,,,,,,,,
Linear 3-Part Start Technique,Plyometrics,Hamstrings,Intermediate,,,,,,,,,,,
Alternating Leg Swing,Stretching,Hamstrings,Beginner,,,,,,,,,,,
Single-leg balance and reach,Stretching,Hamstrings,Beginner,,,,,,,,,,,
High Kick,Stretching,Hamstrings,Beginner,,,,,,,,,,,
Boss Everline 10-Yard Sprints,Strength,Hamstrings,Intermediate,,,,,,,,,,,
Standing hamstring stretch,Stretching,Hamstrings,Intermediate,,,,,,,,,,,
Reverse lunge,Stretching,Hamstrings,Intermediate,,,,,,,,,,,
HM Alternating Cross Lunge,Strength,Hamstrings,Intermediate,,,,,,,,,,,
HM Alternating Front Kick,Strength,Hamstrings,Intermediate,,,,,,,,,,,
HM World's Greatest Stretch,Stretching,Hamstrings,Intermediate,,,,,,,,,,,
HM Alternating Sprawl Kick-Through,Strength,Hamstrings,Intermediate,,,,,,,,,,,
HM Alternating Step-Back,Strength,Hamstrings,Intermediate,,,,,,,,,,,
HM Alternating Step-Up With Chair,Strength,Hamstrings,Intermediate,,,,,,,,,,,
HM Right Knee-Up,Strength,Hamstrings,Intermediate,,,,,,,,,,,
HM Low Lunge With External Twist,Strength,Hamstrings,Intermediate,,,,,,,,,,,
HM Ninja Crawl,Strength,Hamstrings,Intermediate,,,,,,,,,,,
HM Pigeon Stretch,Strength,Hamstrings,Intermediate,,,,,,,,,,,
Single-Leg Deadlift Walk,Strength,Hamstrings,Intermediate,,,,,,,,,,,
Total Fitness Hamstring Slide,Strength,Hamstrings,Intermediate,,,,,,,,,,,
30 Legs Walking Lunge,Strength,Hamstrings,Intermediate,,,,,,,,,,,
Glute ham raise-,Strength,Hamstrings,Beginner,,,,,,,,,,,
Lying hamstring stretch with band,Stretching,Hamstrings,Beginner,,,,,,,,,,,
Upper Back-Leg Grab,Stretching,Hamstrings,Beginner,,,,,,,,,,,
Seated Hamstring,Stretching,Hamstrings,Beginner,,,,,,,,,,,
Alternating lunge jump,Stretching,Hamstrings,Beginner,,,,,,,,,,,
Runner's Stretch,Stretching,Hamstrings,Intermediate,,,,,,,,,,,
Exercise ball leg curl,Strength,Hamstrings,Intermediate,,,,,,,,,,,
Ball Hamstring Hat Trick,Strength,Hamstrings,Intermediate,,,,,,,,,,,
Band-assisted pull-up,Strength,Lats,Intermediate,,,,,,,,,,,
Assisted Chin-Up,Strength,Lats,Beginner,,,,,,,,,,,
UN Band Assisted Pull-up Pronated,Strength,Lats,Intermediate,,,,,,,,,,,
UN Band Assisted Pull-up Neutral,Strength,Lats,Intermediate,,,,,,,,,,,
UN Band Assisted Pull-up Supinated,Strength,Lats,Intermediate,,,,,,,,,,,
FYR2 Monster Band Face-Pull Hold,Strength,Lats,Intermediate,,,,,,,,,,,
Single-arm band low row,Strength,Lats,Intermediate,,,,,,,,,,,
Latissimus dorsi SMR,Stretching,Lats,Intermediate,,,,,,,,,,,
Bent-arm barbell pull-over,Strength,Lats,Intermediate,,,,,,,,,,,
Barbell pull-over to press,Strength,Lats,Beginner,,,,,,,,,,,
Single-arm barbell bent-over row,Strength,Lats,Intermediate,,,,,,,,,,,
Reverse Barbell Row,Strength,Lats,Intermediate,,,,,,,,,,,
Side kick-through to kettlebell high pull,Strength,Lats,Intermediate,,,,,,,,,,,
FYR2 Alternating Kettlebell Snatch,Strength,Lats,Intermediate,,,,,,,,,,,
FYR2 Alternating Kettlebell Swing,Strength,Lats,Intermediate,,,,,,,,,,,
FYR2 American Kettlebell Swing,Strength,Lats,Intermediate,,,,,,,,,,,
FYR2 Double-Kettlebell Standing Clean,Strength,Lats,Intermediate,,,,,,,,,,,
FYR2 Kettlebell Swing High Pull,Strength,Lats,Intermediate,,,,,,,,,,,
FYR2 Kettlebell Swing-Clean-Press Combo,Strength,Lats,Intermediate,,,,,,,,,,,
FYR2 Kettlebell Swing-Clean-Press-Row Combo,Strength,Lats,Intermediate,,,,,,,,,,,
FYR2 Single-Arm Kettlebell Clean,Strength,Lats,Intermediate,,,,,,,,,,,
FYR2 Single-Arm Kettlebell Swing,Strength,Lats,Intermediate,,,,,,,,,,,
PJR pull-over-,Strength,Lats,Intermediate,,,,,,,,,,,
Dumbbell seal row,Strength,Lats,Intermediate,,,,,,,,,,,
Incline Dumbbell Row - Gethin Variation,Strength,Lats,Intermediate,,,,,,,,,,,
FYR Bent-Over Dumbbell Row,Strength,Lats,Intermediate,,,,,,,,,,,
Straight-Arm Dumbbell Pull-Over - Gethin Variation,Strength,Lats,Intermediate,,,,,,,,,,,
Bent-Over Dumbbell Row - Gethin Variation,Strength,Lats,Intermediate,,,,,,,,,,,
Bent-over dumbbell rear delt fly,Strength,Lats,Intermediate,,,,,,,,,,,
Band Resisted Dumbbell Row,Strength,Lats,Intermediate,,,,,,,,,,,
Holman Right Arm Weighted Half Jack,Strength,Lats,Intermediate,,,,,,,,,,,
Holman Left Arm Weighted Half Jack,Strength,Lats,Intermediate,,,,,,,,,,,
Holman Renegade Row,Strength,Lats,Intermediate,,,,,,,,,,,
Holman Renegade Row with Opposite Foot Step-Out,Strength,Lats,Intermediate,,,,,,,,,,,
Holman Renegade Row to Weighted Burpee,Strength,Lats,Intermediate,,,,,,,,,,,
Holman Weighted Double-Arm Cross Punch,Strength,Lats,Intermediate,,,,,,,,,,,
Holman Standing Flat Back Row,Strength,Lats,Intermediate,,,,,,,,,,,
Total Fitness Dumbbell Isometric Row Hold,Strength,Lats,Intermediate,,,,,,,,,,,
Dumbbell renegade row,Strength,Lats,Intermediate,,,,,,,,,,,
MetaBurn Bent-Over Row to Rear-Delt Raise,Strength,Lats,Intermediate,,,,,,,,,,,
FYR2 Bent-Over Reverse Fly,Strength,Lats,Intermediate,,,,,,,,,,,
Weighted pull-up,Strength,Lats,Intermediate,,,,,,,,,,,
Rocky Pull-Ups/Pulldowns,Strength,Lats,Beginner,,,,,,,,,,,
Gironda Sternum Chins,Strength,Lats,Beginner,,,,,,,,,,,
Floor rope climb,Strength,Lats,Beginner,,,,,,,,,,,
Overhead Lat,Stretching,Lats,Beginner,,,,,,,,,,,
Around-the-world pull-up,Strength,Lats,Beginner,,,,,,,,,,,
L-sit chin-up,Strength,Lats,Beginner,,,,,,,,,,,
Back Flyes - Gethin Variation,Strength,Lats,Intermediate,,,,,,,,,,,
Incline straight-arm pull-over,Strength,Lats,Intermediate,,,,,,,,,,,
Machine high row,Strength,Lats,Intermediate,,,,,,,,,,,
AM T-Bar Row,Strength,Lats,Intermediate,,,,,,,,,,,
Assisted Single-Arm Pull-Up,Strength,Lats,Expert,,,,,,,,,,,
Assisted Single-Arm Chin-Up,Strength,Lats,Expert,,,,,,,,,,,
Holman Renegade Punch-Under,Strength,Lats,Intermediate,,,,,,,,,,,
Holman Renegade Row to Split Jump,Strength,Lats,Intermediate,,,,,,,,,,,
Holman Dirty Dog to Renegade Row,Strength,Lats,Intermediate,,,,,,,,,,,
Holman Renegade Row to Side Punch to Forward Punch,Strength,Lats,Intermediate,,,,,,,,,,,
Standing dumbbell knee crunch,Strength,Lats,Intermediate,,,,,,,,,,,
Close-grip pull-down,Strength,Lats,Intermediate,,,,,,,,,,,
Shotgun row,Strength,Lats,Intermediate,,,,,,,,,,,
Close-Grip Front Lat Pulldown,Strength,Lats,Intermediate,,,,,,,,,,,
Straight-arm rope pull-down,Strength,Lats,Intermediate,,,,,,,,,,,
Lat pull-down,Strength,Lats,Intermediate,,,,,,,,,,,
Straight-Arm Pulldown,Strength,Lats,Intermediate,,,,,,,,,,,
Single-arm kneeling lat pull-down,Strength,Lats,Beginner,,,,,,,,,,,
Elevated Cable Rows,Strength,Lats,Beginner,,,,,,,,,,,
Full Range-Of-Motion Lat Pulldown,Strength,Lats,Beginner,,,,,,,,,,,
Kneeling lat pull-down,Strength,Lats,Intermediate,,,,,,,,,,,
Behind-the-neck pull-down,Strength,Lats,Intermediate,,,,,,,,,,,
Straight-arm cable pull-over,Strength,Lats,Intermediate,,,,,,,,,,,
Cable Straight-Arm Pulldown - Gethin Variation,Strength,Lats,Intermediate,,,,,,,,,,,
Rope Lat Pull-down - Gethin Variation,Strength,Lats,Intermediate,,,,,,,,,,,
Straight-Arm Pull-Down - Gethin Variation,Strength,Lats,Intermediate,,,,,,,,,,,
High-cable standing row,Strength,Lats,Intermediate,,,,,,,,,,,
Lat Pull-down - Gethin Variation,Strength,Lats,Intermediate,,,,,,,,,,,
Wide-Grip Lat Pull-Down - Gethin Variation,Strength,Lats,Intermediate,,,,,,,,,,,
Behind-The-Neck Pull-Down - Gethin Variation,Strength,Lats,Intermediate,,,,,,,,,,,
Single-Arm Cable Row - Gethin Variation,Strength,Lats,Intermediate,,,,,,,,,,,
Scapular Rows,Strength,Lats,Intermediate,,,,,,,,,,,
Standing V-Grip Cable Rows,Strength,Lats,Intermediate,,,,,,,,,,,
AM Close-Grip Pull-Down,Strength,Lats,Intermediate,,,,,,,,,,,
AM Wide-Grip Pull-Down,Strength,Lats,Intermediate,,,,,,,,,,,
UP Lat Pull-Down,Strength,Lats,Intermediate,,,,,,,,,,,
Reverse-grip lat pull-down,Strength,Lats,Intermediate,,,,,,,,,,,
Machine seated row,Strength,Lats,Beginner,,,,,,,,,,,
Machine-assisted pull-up,Strength,Lats,Beginner,,,,,,,,,,,
Single-arm pull-down,Strength,Lats,Intermediate,,,,,,,,,,,
Chest-Supported Smith Machine Row - Gethin Variation,Strength,Lats,Intermediate,,,,,,,,,,,
Single-arm machine high row,Strength,Lats,Intermediate,,,,,,,,,,,
Machine Pull-Over - Gethin Variation,Strength,Lats,Intermediate,,,,,,,,,,,
Seated Machine Row - Gethin Variation,Strength,Lats,Intermediate,,,,,,,,,,,
Wide-Grip Machine Row,Strength,Lats,Intermediate,,,,,,,,,,,
King Maker Lat Pull-Down,Strength,Lats,Intermediate,,,,,,,,,,,
Robertson Half-Kneeling Landmine Press,Strength,Lats,Intermediate,,,,,,,,,,,
Pullups,Strength,Lats,Intermediate,,,,,,,,,,,
Pull-up,Strength,Lats,Beginner,,,,,,,,,,,
Muscle Up,Strength,Lats,Intermediate,,,,,,,,,,,
Rope climb,Strength,Lats,Intermediate,,,,,,,,,,,
Wide-Grip Rear Pull-Up,Strength,Lats,Beginner,,,,,,,,,,,
Side To Side Chins,Strength,Lats,Intermediate,,,,,,,,,,,
Neutral-grip pull-up,Strength,Lats,Intermediate,,,,,,,,,,,
Kipping Muscle Up,Strength,Lats,Intermediate,,,,,,,,,,,
One Arm Against Wall,Stretching,Lats,Intermediate,,,,,,,,,,,
One Handed Hang,Stretching,Lats,Intermediate,,,,,,,,,,,
Standing side bend stretch,Stretching,Lats,Intermediate,,,,,,,,,,,
Burpee to pull-up,Plyometrics,Lats,Intermediate,,,,,,,,,,,
Negative pull-up,Strength,Lats,Intermediate,,,,,,,,,,,
Chin-Up,Strength,Lats,Intermediate,,,,,,,,,,,
HM Superman Lat Pull,Strength,Lats,Intermediate,,,,,,,,,,,
AM Pull-Up,Strength,Lats,Intermediate,,,,,,,,,,,
UP Chin-Up,Strength,Lats,Intermediate,,,,,,,,,,,
Holman Alternating Forward and Side Punch,Strength,Lats,Intermediate,,,,,,,,,,,
Jump to pull-up,Strength,Lats,Intermediate,,,,,,,,,,,
Bent-over scapular slide,Strength,Lats,Intermediate,,,,,,,,,,,
Iron cross stretch,Strength,Lats,Intermediate,,,,,,,,,,,
Total Fitness Standing Lat Stretch,Strength,Lats,Intermediate,,,,,,,,,,,
King Maker Pull-Up,Strength,Lats,Intermediate,,,,,,,,,,,
Medicine ball slam,Plyometrics,Lats,Intermediate,,,,,,,,,,,
Catch and Overhead Throw,Plyometrics,Lats,Beginner,,,,,,,,,,,
FYR2 Bent-Over Medicine Ball Slam,Strength,Lats,Intermediate,,,,,,,,,,,
Dynamic Back Stretch,Stretching,Lats,Beginner,,,,,,,,,,,
Chair Lower Back Stretch,Stretching,Lats,Beginner,,,,,,,,,,,
Side-Lying Floor Stretch,Stretching,Lats,Beginner,,,,,,,,,,,
Band good morning-,Strength,Lower Back,Intermediate,,,,,,,,,,,
FYR2 Monster Banded Good Morning,Strength,Lower Back,Intermediate,,,,,,,,,,,
Band deadlift,Strength,Lower Back,Intermediate,,,,,,,,,,,
Lower back SMR,Stretching,Lower Back,Intermediate,,,,,,,,,,,
Barbell deficit deadlift,Powerlifting,Lower Back,Beginner,,,,,,,,,,,
Deadlift with Bands,Powerlifting,Lower Back,Beginner,,,,,,,,,,,
Deadlift with Chains,Powerlifting,Lower Back,Beginner,,,,,,,,,,,
Rack Pull with Bands,Powerlifting,Lower Back,Beginner,,,,,,,,,,,
Rack pull,Powerlifting,Lower Back,Intermediate,,,,,,,,,,,
Seated Good Mornings,Powerlifting,Lower Back,Beginner,,,,,,,,,,,
Stiff Leg Barbell Good Morning,Strength,Lower Back,Beginner,,,,,,,,,,,
Reverse Band Deadlift,Powerlifting,Lower Back,Beginner,,,,,,,,,,,
Paul Carter Romanian Deadlift,Strength,Lower Back,Intermediate,,,,,,,,,,,
TBS Good Morning,Strength,Lower Back,Intermediate,,,,,,,,,,,
TBS Romanian Deadlift,Strength,Lower Back,Intermediate,,,,,,,,,,,
Barbell deadlift-,Strength,Lower Back,Intermediate,,,,,,,,,,,
Deadlift - Gethin Variation,Strength,Lower Back,Intermediate,,,,,,,,,,,
Barbell good morning,Strength,Lower Back,Intermediate,,,,,,,,,,,
UP Conventional Deadlift,Strength,Lower Back,Intermediate,,,,,,,,,,,
30 Day Back Barbell Rack Pull,Strength,Lower Back,Intermediate,,,,,,,,,,,
FYR Sumo Deadlift High Pull,Strength,Lower Back,Intermediate,,,,,,,,,,,
Kettlebell deadlift,Strength,Lower Back,Intermediate,,,,,,,,,,,
HM Kettlebell Swing,Strength,Lower Back,Intermediate,,,,,,,,,,,
KV Romanian Deadlift with Kettlebell,Strength,Lower Back,Intermediate,,,,,,,,,,,
FYR2 Kettlebell Good Morning,Strength,Lower Back,Intermediate,,,,,,,,,,,
FYR2 Kettlebell Romanian Deadlift,Strength,Lower Back,Intermediate,,,,,,,,,,,
FYR2 Kettlebell Staggered-Stance Deadlift,Strength,Lower Back,Intermediate,,,,,,,,,,,
Dumbbell Fix Dumbbell Deadlift,Strength,Lower Back,Intermediate,,,,,,,,,,,
Dumbbell skier,Strength,Lower Back,Intermediate,,,,,,,,,,,
TBS Dumbbell Romanian Deadlift,Strength,Lower Back,Intermediate,,,,,,,,,,,
Stiff-Legged Dumbbell Deadlift - Gethin Variation,Strength,Lower Back,Intermediate,,,,,,,,,,,
UNS Dumbbell Romanian Deadlift,Strength,Lower Back,Intermediate,,,,,,,,,,,
Holman Slow Deadlift,Strength,Lower Back,Intermediate,,,,,,,,,,,
Holman Deadlift to Overhead Press,Strength,Lower Back,Intermediate,,,,,,,,,,,
Holman Staggered-Stance Deadlift,Strength,Lower Back,Intermediate,,,,,,,,,,,
Holman Deadlift to Front Raise,Strength,Lower Back,Intermediate,,,,,,,,,,,
Holman Deadlift to Chest Press,Strength,Lower Back,Intermediate,,,,,,,,,,,
Holman Deadlift to Squat Thrust,Strength,Lower Back,Intermediate,,,,,,,,,,,
Holman Deadlift to Biceps Curl,Strength,Lower Back,Intermediate,,,,,,,,,,,
Dumbbell kickstand deadlift,Strength,Lower Back,Intermediate,,,,,,,,,,,
Single-leg stiff-legged deadlift to row,Strength,Lower Back,Intermediate,,,,,,,,,,,
FYR2 Dumbbell Deadlift,Strength,Lower Back,Intermediate,,,,,,,,,,,
FYR2 Dumbbell Deadlift to Dumbbell Upright Row,Strength,Lower Back,Intermediate,,,,,,,,,,,
Atlas Stones,Strongman,Lower Back,Intermediate,,,,,,,,,,,
Axle Deadlift,Strongman,Lower Back,Beginner,,,,,,,,,,,
Atlas Stone Trainer,Strongman,Lower Back,Beginner,,,,,,,,,,,
Partner Flat-Bench Back Extension,Strength,Lower Back,Beginner,,,,,,,,,,,
Keg Load,Strongman,Lower Back,Beginner,,,,,,,,,,,
Partner bench back extension,Strength,Lower Back,Beginner,,,,,,,,,,,
Rack Pull - Gethin Variation,Strength,Lower Back,Intermediate,,,,,,,,,,,
Hex Bar Deadlift - Gethin Variation,Strength,Lower Back,Intermediate,,,,,,,,,,,
Holman Deadlift,Strength,Lower Back,Intermediate,,,,,,,,,,,
ACFT Low-handle trap bar deadlift,Strength,Lower Back,Intermediate,,,,,,,,,,,
Neutral-grip lat pull-down,Strength,Lower Back,Intermediate,,,,,,,,,,,
Seated cable deadlift,Strength,Lower Back,Intermediate,,,,,,,,,,,
Cable stiff-legged deadlift,Strength,Lower Back,Intermediate,,,,,,,,,,,
Single-leg cable stiff-legged deadlift,Strength,Lower Back,Intermediate,,,,,,,,,,,
UNS Banded Dumbbell Romanian Deadlift,Strength,Lower Back,Intermediate,,,,,,,,,,,
Seated Back Extension,Strength,Lower Back,Beginner,,,,,,,,,,,
Back extension,Strength,Lower Back,Intermediate,,,,,,,,,,,
Hyperextensions With No Hyperextension Bench,Strength,Lower Back,Beginner,,,,,,,,,,,
Superman,Stretching,Lower Back,Intermediate,,,,,,,,,,,
Hug A Ball,Stretching,Lower Back,Intermediate,,,,,,,,,,,
Child's pose,Stretching,Lower Back,Intermediate,,,,,,,,,,,
Pelvic Tilt Into Bridge,Stretching,Lower Back,Intermediate,,,,,,,,,,,
Hug Knees To Chest,Stretching,Lower Back,Intermediate,,,,,,,,,,,
Pyramid,Stretching,Lower Back,Intermediate,,,,,,,,,,,
Partner Superman with alternating high-five,Strength,Lower Back,Beginner,,,,,,,,,,,
Yoga plex,Stretching,Lower Back,Intermediate,,,,,,,,,,,
TBS Back Extension,Strength,Lower Back,Intermediate,,,,,,,,,,,
Lower Back Stretch - Yates Variation,Strength,Lower Back,Intermediate,,,,,,,,,,,
Hyperextension - Gethin Variation,Strength,Lower Back,Intermediate,,,,,,,,,,,
Back Extension - Gethin Variation,Strength,Lower Back,Intermediate,,,,,,,,,,,
HM Banana Stretch,Strength,Lower Back,Intermediate,,,,,,,,,,,
HM T-Spine Stretch on Wall,Stretching,Lower Back,Intermediate,,,,,,,,,,,
HM Child's Pose,Strength,Lower Back,Intermediate,,,,,,,,,,,
HM Cobra,Strength,Lower Back,Intermediate,,,,,,,,,,,
HM Cobra With Arm Retraction,Strength,Lower Back,Intermediate,,,,,,,,,,,
HM Dive-Bomber,Strength,Lower Back,Intermediate,,,,,,,,,,,
HM Downward-Facing Dog Pose,Strength,Lower Back,Intermediate,,,,,,,,,,,
HM Downward Dog To Left Leg Extension To Warrior Pose,Strength,Lower Back,Intermediate,,,,,,,,,,,
HM Downward Dog To Right Leg Extension To Warrior Pose,Strength,Lower Back,Intermediate,,,,,,,,,,,
HM Spine Twist,Strength,Lower Back,Intermediate,,,,,,,,,,,
HM Good Morning,Strength,Lower Back,Intermediate,,,,,,,,,,,
HM Rag Doll,Strength,Lower Back,Intermediate,,,,,,,,,,,
HM Upward-Facing Dog Pose,Strength,Lower Back,Intermediate,,,,,,,,,,,
Superman-,Strength,Lower Back,Intermediate,,,,,,,,,,,
Weighted back extension,Strength,Lower Back,Intermediate,,,,,,,,,,,
MetaBurn Alternating Superman,Strength,Lower Back,Intermediate,,,,,,,,,,,
MetaBurn Swimmer,Strength,Lower Back,Intermediate,,,,,,,,,,,
Dancer's Stretch,Stretching,Lower Back,Beginner,,,,,,,,,,,
Cat Stretch,Stretching,Lower Back,Beginner,,,,,,,,,,,
Crossover Reverse Lunge,Stretching,Lower Back,Beginner,,,,,,,,,,,
Standing Pelvic Tilt,Stretching,Lower Back,Beginner,,,,,,,,,,,
Exercise ball weighted hyperextension,Strength,Lower Back,Beginner,,,,,,,,,,,
Exercise ball rear delt fly,Strength,Lower Back,Intermediate,,,,,,,,,,,
Lying rear delt Y,Strength,Lower Back,Intermediate,,,,,,,,,,,
Partner Facing Feet-Elevated Side Plank With Band Row,Strength,Middle Back,Beginner,,,,,,,,,,,
Partner side plank band row,Strength,Middle Back,Intermediate,,,,,,,,,,,
Band-assisted chin-up,Strength,Middle Back,Intermediate,,,,,,,,,,,
30 Back Band-Assisted Pull-Up,Strength,Middle Back,Intermediate,,,,,,,,,,,
30 Back Reverse-Grip Band-Assisted Pull-Up,Strength,Middle Back,Intermediate,,,,,,,,,,,
Band bent-over row,Strength,Middle Back,Intermediate,,,,,,,,,,,
Heavy band bent-over row,Strength,Middle Back,Intermediate,,,,,,,,,,,
Reverse-grip bent-over row,Strength,Middle Back,Intermediate,,,,,,,,,,,
One-Arm Long Bar Row,Strength,Middle Back,Intermediate,,,,,,,,,,,
Bent Over Barbell Row,Strength,Middle Back,Intermediate,,,,,,,,,,,
Yates Row Reverse Grip,Strength,Middle Back,Beginner,,,,,,,,,,,
Pendlay Row,Strength,Middle Back,Intermediate,,,,,,,,,,,
Straight Bar Bench Mid Rows,Strength,Middle Back,Beginner,,,,,,,,,,,
Barbell seal row,Strength,Middle Back,Intermediate,,,,,,,,,,,
Yates Row,Strength,Middle Back,Beginner,,,,,,,,,,,
Plate Row,Strength,Middle Back,Beginner,,,,,,,,,,,
Barbell Deadlift Bent Row Complex,Strength,Middle Back,Beginner,,,,,,,,,,,
Single-Arm Landmine Row,Strength,Middle Back,Beginner,,,,,,,,,,,
TBS T-Bar Row,Strength,Middle Back,Intermediate,,,,,,,,,,,
TBS Deficit Deadlift,Strength,Middle Back,Intermediate,,,,,,,,,,,
Bent-Over Barbell Row - Gethin Variation,Strength,Middle Back,Intermediate,,,,,,,,,,,
Barbell bent-over row,Strength,Middle Back,Intermediate,,,,,,,,,,,
UN Barbell Rack Pull,Strength,Middle Back,Intermediate,,,,,,,,,,,
UN Barbell Scrape The Rack,Strength,Middle Back,Intermediate,,,,,,,,,,,
Barbell deadlift bent-over row complex,Strength,Middle Back,Intermediate,,,,,,,,,,,
30 Back Barbell Deadlift,Strength,Middle Back,Intermediate,,,,,,,,,,,
30 Back Bent-Over Barbell Row,Strength,Middle Back,Intermediate,,,,,,,,,,,
30 Back T-Bar Row,Strength,Middle Back,Intermediate,,,,,,,,,,,
30 Back Underhand Bent-Over Barbell Row,Strength,Middle Back,Intermediate,,,,,,,,,,,
Kettlebell alternating renegade row,Strength,Middle Back,Intermediate,,,,,,,,,,,
Alternating Kettlebell Row,Strength,Middle Back,Intermediate,,,,,,,,,,,
Two-Arm Kettlebell Row,Strength,Middle Back,Beginner,,,,,,,,,,,
Kettlebell bent-over row to clean,Strength,Middle Back,Intermediate,,,,,,,,,,,
UP Deficit Kettlebell Stiff-Legged Deadlift,Strength,Middle Back,Intermediate,,,,,,,,,,,
FYR2 Dagger-Grip Double-Kettlebell Gorilla Row,Strength,Middle Back,Intermediate,,,,,,,,,,,
FYR2 Double-Kettlebell Swing Clean,Strength,Middle Back,Intermediate,,,,,,,,,,,
Single-arm kettlebell row-,Strength,Middle Back,Intermediate,,,,,,,,,,,
FYR2 Ascending-Rep Swing-Squat Complex,Strength,Middle Back,Intermediate,,,,,,,,,,,
One-Arm Dumbbell Row,Strength,Middle Back,Intermediate,,,,,,,,,,,
Incline dumbbell row,Strength,Middle Back,Intermediate,,,,,,,,,,,
Bent Over Two-Dumbbell Row With Palms In,Strength,Middle Back,Beginner,,,,,,,,,,,
Man-maker,Strength,Middle Back,Intermediate,,,,,,,,,,,
Dumbbell bent-over row,Strength,Middle Back,Intermediate,,,,,,,,,,,
Middle Back Shrug,Strength,Middle Back,Beginner,,,,,,,,,,,
Dumbbell pull-over to skullcrusher,Strength,Middle Back,Intermediate,,,,,,,,,,,
Dumbbell Fix Single-Arm Dumbbell Row,Strength,Middle Back,Intermediate,,,,,,,,,,,
Dumbbell Fix Bent-Over Dumbbell Row,Strength,Middle Back,Intermediate,,,,,,,,,,,
Dumbbell Seal Row - Gethin Variation,Strength,Middle Back,Intermediate,,,,,,,,,,,
Decline dumbbell chest fly,Strength,Middle Back,Intermediate,,,,,,,,,,,
TBS Bent-Over Dumbbell Row,Strength,Middle Back,Intermediate,,,,,,,,,,,
HM Alternating Bent-Over Quick Row,Strength,Middle Back,Intermediate,,,,,,,,,,,
HM Bent-Over Dumbbell Row,Strength,Middle Back,Intermediate,,,,,,,,,,,
AM Single Arm Row,Strength,Middle Back,Intermediate,,,,,,,,,,,
Dumbbell stiff-legged deadlift,Strength,Middle Back,Intermediate,,,,,,,,,,,
Single-arm bench dumbbell row,Strength,Middle Back,Intermediate,,,,,,,,,,,
UN Bent-Over Dumbbell Row,Strength,Middle Back,Intermediate,,,,,,,,,,,
UN Dumbbell RDL,Strength,Middle Back,Intermediate,,,,,,,,,,,
UN Chest Supported Row,Strength,Middle Back,Intermediate,,,,,,,,,,,
MetaBurn Bent-Over Renegade Row,Strength,Middle Back,Intermediate,,,,,,,,,,,
30 Back Bent-Over Dumbbell Row,Strength,Middle Back,Intermediate,,,,,,,,,,,
30 Back Dumbbell Pull-Over,Strength,Middle Back,Intermediate,,,,,,,,,,,
30 Back Incline Dumbbell Row,Strength,Middle Back,Intermediate,,,,,,,,,,,
30 Back Single-Arm Dumbbell Row,Strength,Middle Back,Intermediate,,,,,,,,,,,
30 Back Single-Arm Dumbbell Swing Row,Strength,Middle Back,Intermediate,,,,,,,,,,,
T-Bar Row with Handle,Strength,Middle Back,Intermediate,,,,,,,,,,,
T-Bar Row,Strength,Middle Back,Intermediate,,,,,,,,,,,
Alternating sit-through with crunch,Strength,Middle Back,Intermediate,,,,,,,,,,,
Seated Cable Rows,Strength,Middle Back,Intermediate,,,,,,,,,,,
Upside-down pull-up,Strength,Middle Back,Intermediate,,,,,,,,,,,
Smith machine inverted row,Strength,Middle Back,Intermediate,,,,,,,,,,,
Lying T-Bar Row,Strength,Middle Back,Intermediate,,,,,,,,,,,
Suspended row,Strength,Middle Back,Intermediate,,,,,,,,,,,
Inverted Row with Straps,Strength,Middle Back,Beginner,,,,,,,,,,,
One Arm Chin-Up,Strength,Middle Back,Beginner,,,,,,,,,,,
Sled Row,Strength,Middle Back,Beginner,,,,,,,,,,,
Paul Carter T-Bar Row,Strength,Middle Back,Intermediate,,,,,,,,,,,
Single-Arm Bent-Over Rear Delt Raise - Gethin Variation,Strength,Middle Back,Intermediate,,,,,,,,,,,
30 Back Plate Hyperextension,Strength,Middle Back,Intermediate,,,,,,,,,,,
Seated Cable Rows,Strength,Middle Back,Intermediate,,,,,,,,,,,
Single-arm cable seated row,Strength,Middle Back,Intermediate,,,,,,,,,,,
Paul Carter Lat Pull-Down,Strength,Middle Back,Intermediate,,,,,,,,,,,
TBS Lat Pull-Down,Strength,Middle Back,Intermediate,,,,,,,,,,,
One-Arm Cable Read Delt Fly - Gethin Variation,Strength,Middle Back,Intermediate,,,,,,,,,,,
UP Seated Cable Row,Strength,Middle Back,Intermediate,,,,,,,,,,,
UP Cable Straight-Arm Pull-Down,Strength,Middle Back,Intermediate,,,,,,,,,,,
UN Cable Pull-Through,Strength,Middle Back,Intermediate,,,,,,,,,,,
30 Back Close-Grip Seated Cable Row,Strength,Middle Back,Intermediate,,,,,,,,,,,
30 Back Incline Face-Up Cable Pull-Down,Strength,Middle Back,Intermediate,,,,,,,,,,,
30 Back Kneeling High Cable Pull-Down,Strength,Middle Back,Intermediate,,,,,,,,,,,
30 Back Leaning V-Bar Pull-Down,Strength,Middle Back,Intermediate,,,,,,,,,,,
30 Back Reverse-Grip Pull-Down,Strength,Middle Back,Intermediate,,,,,,,,,,,
30 Back Standing Low Cable Bar Row,Strength,Middle Back,Intermediate,,,,,,,,,,,
30 Back Standing Low Cable Rope Row,Strength,Middle Back,Intermediate,,,,,,,,,,,
30 Back Straight-Arm Bar Pull-Down,Strength,Middle Back,Intermediate,,,,,,,,,,,
30 Back Straight-Arm Rope Pull-Down,Strength,Middle Back,Intermediate,,,,,,,,,,,
30 Back Wide-Grip Behind-The-Head Pull-Down,Strength,Middle Back,Intermediate,,,,,,,,,,,
30 Back Wide-Grip Pull-Down,Strength,Middle Back,Intermediate,,,,,,,,,,,
30 back Wide-Grip Seated Cable Row,Strength,Middle Back,Intermediate,,,,,,,,,,,
Rower,Cardio,Middle Back,Intermediate,,,,,,,,,,,
Seated Cable Rows,Strength,Middle Back,Intermediate,,,,,,,,,,,
Smith machine bent-over row,Strength,Middle Back,Intermediate,,,,,,,,,,,
Leverage High Row,Strength,Middle Back,Beginner,,,,,,,,,,,
Machine Low Row,Strength,Middle Back,Intermediate,,,,,,,,,,,
Standing lat pull-down,Strength,Middle Back,Intermediate,,,,,,,,,,,
30 Back Machine Seated Row,Strength,Middle Back,Intermediate,,,,,,,,,,,
30 Back Smith Machine Push-Up,Strength,Middle Back,Intermediate,,,,,,,,,,,
Mixed Grip Chin,Strength,Middle Back,Intermediate,,,,,,,,,,,
Rhomboids SMR,Stretching,Middle Back,Intermediate,,,,,,,,,,,
Spinal Stretch,Stretching,Middle Back,Intermediate,,,,,,,,,,,
Upper Back Stretch,Stretching,Middle Back,Intermediate,,,,,,,,,,,
Middle Back Stretch,Stretching,Middle Back,Intermediate,,,,,,,,,,,
TBS Pull-Up,Strength,Middle Back,Intermediate,,,,,,,,,,,
HM Angel Stretch,Strength,Middle Back,Intermediate,,,,,,,,,,,
UNS Foam Roll Upper Back,Strength,Middle Back,Intermediate,,,,,,,,,,,
30 Back Neutral-Grip Pull-Down,Strength,Middle Back,Intermediate,,,,,,,,,,,
30 Back Pull-Up,Strength,Middle Back,Intermediate,,,,,,,,,,,
30 Back Reverse-Grip Pull-Up,Strength,Middle Back,Intermediate,,,,,,,,,,,
ACFT Medicine ball overhead power throw,Strength,Middle Back,Intermediate,,,,,,,,,,,
Upright Row - With Bands,Strength,Traps,Beginner,,,,,,,,,,,
Band seated row,Strength,Traps,Intermediate,,,,,,,,,,,
Barbell shrug,Strength,Traps,Intermediate,,,,,,,,,,,
Barbell behind-the-back shrug,Strength,Traps,Intermediate,,,,,,,,,,,
Clean Shrug,Olympic Weightlifting,Traps,Beginner,,,,,,,,,,,
Snatch Shrug,Olympic Weightlifting,Traps,Beginner,,,,,,,,,,,
Single-arm inverted row,Strength,Traps,Intermediate,,,,,,,,,,,
Kettlebell sumo deadlift high pull,Strength,Traps,Intermediate,,,,,,,,,,,
Standing dumbbell shrug,Strength,Traps,Intermediate,,,,,,,,,,,
Standing dumbbell upright row,Strength,Traps,Intermediate,,,,,,,,,,,
Dumbbell pull-over,Strength,Traps,Intermediate,,,,,,,,,,,
Standing Dumbbell Shrug - Gethin Variation,Strength,Traps,Intermediate,,,,,,,,,,,
Single-arm dumbbell row,Strength,Traps,Intermediate,,,,,,,,,,,
Lying Face Down Plate Neck Resistance,Strength,Neck,Beginner,,,,,,,,,,,
Lying Face Up Plate Neck Resistance,Strength,Neck,Beginner,,,,,,,,,,,
Seated Head Harness Neck Resistance,Strength,Neck,Beginner,,,,,,,,,,,
Cable straight-bar upright row,Strength,Traps,Intermediate,,,,,,,,,,,
Cable shrug,Strength,Traps,Intermediate,,,,,,,,,,,
Smith machine shrug,Strength,Traps,Intermediate,,,,,,,,,,,
Leverage Shrug,Strength,Traps,Intermediate,,,,,,,,,,,
Calf-Machine Shoulder Shrug,Strength,Traps,Beginner,,,,,,,,,,,
Smith machine behind-the-back shrug,Strength,Traps,Intermediate,,,,,,,,,,,
Smith machine upright row,Strength,Traps,Intermediate,,,,,,,,,,,
Machine low row-,Strength,Traps,Intermediate,,,,,,,,,,,
Machine Shrug - Gethin Variation,Strength,Traps,Intermediate,,,,,,,,,,,
Smith machine single-arm shrug,Strength,Traps,Intermediate,,,,,,,,,,,
Isometric Neck Exercise - Sides,Strength,Neck,Beginner,,,,,,,,,,,
Isometric Neck Exercise - Front And Back,Strength,Neck,Beginner,,,,,,,,,,,
Neck Bridge Prone,Strength,Neck,Beginner,,,,,,,,,,,
Side Neck Stretch,Stretching,Neck,Intermediate,,,,,,,,,,,
Neck-SMR,Stretching,Neck,Intermediate,,,,,,,,,,,
Scapular Pull-Up,Strength,Traps,Beginner,,,,,,,,,,,
Single-leg depth squat,Strength,Quadriceps,Intermediate,,,,,,,,,,,
Squats - With Bands,Strength,Quadriceps,Beginner,,,,,,,,,,,
Hip Flexion with Band,Strength,Quadriceps,Beginner,,,,,,,,,,,
Forward Band Walk,Strength,Quadriceps,Beginner,,,,,,,,,,,
Boss Everline Resistance-Band Pull Sprint,Strength,Quadriceps,Intermediate,,,,,,,,,,,
Banded jump squat,Strength,Quadriceps,Intermediate,,,,,,,,,,,
Speed Box Squat,Powerlifting,Quadriceps,Intermediate,,,,,,,,,,,
HM Banded Squat Toe Tap,Strength,Quadriceps,Intermediate,,,,,,,,,,,
UP Band Abducted Squat,Strength,Quadriceps,Intermediate,,,,,,,,,,,
FYR2 Lateral Band Walk,Strength,Quadriceps,Intermediate,,,,,,,,,,,
FYR2 Banded Squat Hold-Pulse-Jump Complex,Strength,Quadriceps,Intermediate,,,,,,,,,,,
Band split squat,Strength,Quadriceps,Intermediate,,,,,,,,,,,
Band front squat,Strength,Quadriceps,Intermediate,,,,,,,,,,,
Squat hold with band pull-apart,Strength,Quadriceps,Intermediate,,,,,,,,,,,
Banded squat toe tap,Strength,Quadriceps,Intermediate,,,,,,,,,,,
Band overhead squat,Strength,Quadriceps,Intermediate,,,,,,,,,,,
Quadriceps SMR,Stretching,Quadriceps,Intermediate,,,,,,,,,,,
Clean from Blocks,Olympic Weightlifting,Quadriceps,Beginner,,,,,,,,,,,
Barbell Full Squat,Strength,Quadriceps,Intermediate,,,,,,,,,,,
Barbell back squat to box,Powerlifting,Quadriceps,Intermediate,,,,,,,,,,,
Push-press,Olympic Weightlifting,Quadriceps,Intermediate,,,,,,,,,,,
Power snatch-,Olympic Weightlifting,Quadriceps,Expert,,,,,,,,,,,
Hang Clean,Olympic Weightlifting,Quadriceps,Beginner,,,,,,,,,,,
Barbell walking lunge,Strength,Quadriceps,Intermediate,,,,,,,,,,,
Olympic Squat,Olympic Weightlifting,Quadriceps,Beginner,,,,,,,,,,,
Narrow-stance squat,Strength,Quadriceps,Expert,,,,,,,,,,,
Box Squat with Bands,Powerlifting,Quadriceps,Beginner,,,,,,,,,,,
Weighted Jump Squat,Strength,Quadriceps,Beginner,,,,,,,,,,,
Squat with Chains,Powerlifting,Quadriceps,Beginner,,,,,,,,,,,
Barbell Squat,Strength,Quadriceps,Intermediate,,,,,,,,,,,
Barbell front squat,Strength,Quadriceps,Intermediate,,,,,,,,,,,
Barbell forward lunge,Strength,Quadriceps,Expert,,,,,,,,,,,
Smith machine box squat,Strength,Quadriceps,Intermediate,,,,,,,,,,,
Barbell step-up,Strength,Quadriceps,Intermediate,,,,,,,,,,,
Barbell Bulgarian split squat,Strength,Quadriceps,Intermediate,,,,,,,,,,,
Hang Clean - Below the Knees,Olympic Weightlifting,Quadriceps,Beginner,,,,,,,,,,,
Barbell hack squat,Strength,Quadriceps,Expert,,,,,,,,,,,
Hack Squat,Strength,Quadriceps,Intermediate,,,,,,,,,,,
Barbell thruster,Strength,Quadriceps,Intermediate,,,,,,,,,,,
Split Jerk,Olympic Weightlifting,Quadriceps,Beginner,,,,,,,,,,,
Push-jerk,Olympic Weightlifting,Quadriceps,Intermediate,,,,,,,,,,,
Barbell back squat,Strength,Quadriceps,Intermediate,,,,,,,,,,,
Zercher squat,Strength,Quadriceps,Intermediate,,,,,,,,,,,
Jefferson Squats,Strength,Quadriceps,Beginner,,,,,,,,,,,
Jerk Dip Squat,Olympic Weightlifting,Quadriceps,Beginner,,,,,,,,,,,
Barbell side split squat,Strength,Quadriceps,Intermediate,,,,,,,,,,,
Frankenstein Squat,Olympic Weightlifting,Quadriceps,Beginner,,,,,,,,,,,
Barbell speed squat,Strength,Quadriceps,Intermediate,,,,,,,,,,,
Single-arm side deadlift,Strength,Quadriceps,Expert,,,,,,,,,,,
Barbell Squat To A Bench,Strength,Quadriceps,Intermediate,,,,,,,,,,,
Clean Pull,Olympic Weightlifting,Quadriceps,Beginner,,,,,,,,,,,
Front Barbell Squat To A Bench,Strength,Quadriceps,Beginner,,,,,,,,,,,
Barbell reverse lunge,Strength,Quadriceps,Intermediate,,,,,,,,,,,
Split Clean,Olympic Weightlifting,Quadriceps,Beginner,,,,,,,,,,,
Close-stance dumbbell front squat,Strength,Quadriceps,Intermediate,,,,,,,,,,,
Front Squat (Clean Grip),Strength,Quadriceps,Beginner,,,,,,,,,,,
Barbell front squat to back squat,Strength,Quadriceps,Intermediate,,,,,,,,,,,
Squat Jerk,Strength,Quadriceps,Beginner,,,,,,,,,,,
Barbell Front-To-Back Squat,Strength,Quadriceps,Intermediate,,,,,,,,,,,
Box Squat with Chains,Strength,Quadriceps,Beginner,,,,,,,,,,,
Snatch from Blocks,Olympic Weightlifting,Quadriceps,Beginner,,,,,,,,,,,
Power Snatch from Blocks,Olympic Weightlifting,Quadriceps,Beginner,,,,,,,,,,,
Front Squat (Bodybuilder),Strength,Quadriceps,Intermediate,,,,,,,,,,,
Barbell step-down reverse lunge,Strength,Quadriceps,Intermediate,,,,,,,,,,,
Squat with Bands,Powerlifting,Quadriceps,Beginner,,,,,,,,,,,
Heaving Snatch Balance,Olympic Weightlifting,Quadriceps,Beginner,,,,,,,,,,,
Snatch Balance,Olympic Weightlifting,Quadriceps,Beginner,,,,,,,,,,,
Reverse Band Power Squat,Powerlifting,Quadriceps,Beginner,,,,,,,,,,,
Paul Carter Back Squat,Strength,Quadriceps,Intermediate,,,,,,,,,,,
Paul Carter Barbell Split Squat,Strength,Quadriceps,Intermediate,,,,,,,,,,,
TBS High-Bar Back Squat,Strength,Quadriceps,Intermediate,,,,,,,,,,,
TBS Barbell Front Squat,Strength,Quadriceps,Intermediate,,,,,,,,,,,
Squat - Gethin Variation,Strength,Quadriceps,Intermediate,,,,,,,,,,,
Front-To-Back Barbell Squat,Strength,Quadriceps,Intermediate,,,,,,,,,,,
Barbell Lunge - Gethin Variation,Strength,Quadriceps,Intermediate,,,,,,,,,,,
Rack Deadlift - Gethin Variation,Strength,Quadriceps,Intermediate,,,,,,,,,,,
Barbell Squat - Gethin Variation,Strength,Quadriceps,Intermediate,,,,,,,,,,,
Barbell Good Morning - Gethin Variation,Strength,Quadriceps,Intermediate,,,,,,,,,,,
AM Barbell Squat,Strength,Quadriceps,Intermediate,,,,,,,,,,,
Plyometric Power Clean,Strength,Quadriceps,Intermediate,,,,,,,,,,,
Banded Split Jerk,Strength,Quadriceps,Intermediate,,,,,,,,,,,
UP Squat,Strength,Quadriceps,Intermediate,,,,,,,,,,,
UN Barbell Back Squat,Strength,Quadriceps,Intermediate,,,,,,,,,,,
UN Barbell Box Squat,Strength,Quadriceps,Intermediate,,,,,,,,,,,
UN Barbell Front Squat,Strength,Quadriceps,Intermediate,,,,,,,,,,,
KV Bulgarian Split Squat,Strength,Quadriceps,Intermediate,,,,,,,,,,,
King Maker Barbell Back Squat,Strength,Quadriceps,Intermediate,,,,,,,,,,,
King Maker Barbell Deadlift,Strength,Quadriceps,Intermediate,,,,,,,,,,,
30 Legs Barbell Back Squat,Strength,Quadriceps,Intermediate,,,,,,,,,,,
30 Legs Barbell Front Squat,Strength,Quadriceps,Intermediate,,,,,,,,,,,
Barbell Back Squats,Strength,Quadriceps,Intermediate,,,,,,,,,,,
Front Squats With Two Kettlebells,Strength,Quadriceps,Beginner,,,,,,,,,,,
Kettlebell Pistol Squat,Strength,Quadriceps,Beginner,,,,,,,,,,,
Goblet Squat,Strength,Quadriceps,Intermediate,,,,,,,,,,,
Kettlebell Curtsy Lunge,Strength,Quadriceps,Beginner,,,,,,,,,,,
Single-arm kettlebell overhead squat,Strength,Quadriceps,Expert,,,,,,,,,,,
Kettlebell side squat,Strength,Quadriceps,Intermediate,,,,,,,,,,,
Kettlebell sumo squat,Strength,Quadriceps,Intermediate,,,,,,,,,,,
Kettlebell thruster progression,Strength,Quadriceps,Intermediate,,,,,,,,,,,
Kettlebell power clean,Strength,Quadriceps,Intermediate,,,,,,,,,,,
Kettlebell fire feet,Plyometrics,Quadriceps,Intermediate,,,,,,,,,,,
Single Arm Overhead Kettlebell Squat,Strength,Quadriceps,Intermediate,,,,,,,,,,,
Pulsing goblet squat,Strength,Quadriceps,Intermediate,,,,,,,,,,,
Double-kettlebell alternating lunge to clean,Strength,Quadriceps,Intermediate,,,,,,,,,,,
FYR Goblet Squat,Strength,Quadriceps,Intermediate,,,,,,,,,,,
FYR Kettlebell Sumo Squat,Strength,Quadriceps,Intermediate,,,,,,,,,,,
Double-kettlebell front squat,Strength,Quadriceps,Intermediate,,,,,,,,,,,
FYR Kettlebell Squat Clean,Strength,Quadriceps,Intermediate,,,,,,,,,,,
Single-arm kettlebell front squat,Strength,Quadriceps,Intermediate,,,,,,,,,,,
Kettlebell front rack lunge,Strength,Quadriceps,Intermediate,,,,,,,,,,,
HM Turkish Get-Up,Strength,Quadriceps,Intermediate,,,,,,,,,,,
HM Single-Leg Romanian Deadlift,Strength,Quadriceps,Intermediate,,,,,,,,,,,
Taylor Single-Arm Kettlebell Front Squat,Strength,Quadriceps,Intermediate,,,,,,,,,,,
Taylor Kettlebell Goblet Squat,Strength,Quadriceps,Intermediate,,,,,,,,,,,
Goblet squat-,Strength,Quadriceps,Intermediate,,,,,,,,,,,
Holman Kettlebell Squat Clean,Strength,Quadriceps,Intermediate,,,,,,,,,,,
Holman Kettlebell Swing,Strength,Quadriceps,Intermediate,,,,,,,,,,,
Holman Kettlebell Swing Transfer,Strength,Quadriceps,Intermediate,,,,,,,,,,,
Dumbbell goblet squat-,Strength,Quadriceps,Intermediate,,,,,,,,,,,
Robertson Kettlebell Jump,Strength,Quadriceps,Intermediate,,,,,,,,,,,
FYR2 Alternating Kettlebell Squat Clean,Strength,Quadriceps,Intermediate,,,,,,,,,,,
FYR2 Banded Double-Kettlebell Squat Pulse,Strength,Quadriceps,Intermediate,,,,,,,,,,,
FYR2 Double-Kettlebell Ballin' Lunge,Strength,Quadriceps,Intermediate,,,,,,,,,,,
FYR2 Double-Kettlebell Front Rack Lunge,Strength,Quadriceps,Intermediate,,,,,,,,,,,
FYR2 Double-Kettlebell Front Squat,Strength,Quadriceps,Intermediate,,,,,,,,,,,
FYR2 Explosive Kettlebell Jump Squat,Strength,Quadriceps,Intermediate,,,,,,,,,,,
FYR2 Kettlebell Goblet Squat,Strength,Quadriceps,Intermediate,,,,,,,,,,,
FYR2 Kettlebell Reverse Lunge Switch Grip,Strength,Quadriceps,Intermediate,,,,,,,,,,,
FYR2 Kettlebell Reverse Lunge to Kneeling Press,Strength,Quadriceps,Intermediate,,,,,,,,,,,
FYR2 Kettlebell Sumo Squat Pulse,Strength,Quadriceps,Intermediate,,,,,,,,,,,
FYR2 Reverse Lunge to Single-Leg Kettlebell Deadlift,Strength,Quadriceps,Intermediate,,,,,,,,,,,
FYR2 Kettlebell Goblet-Squat-Deadlift Complex,Strength,Quadriceps,Intermediate,,,,,,,,,,,
FYR2 Kettlebell Squat-Press-Deadlift Complex,Strength,Quadriceps,Intermediate,,,,,,,,,,,
Goblet Squats,Strength,Quadriceps,Intermediate,,,,,,,,,,,
Dumbbell Goblet Squat,Strength,Quadriceps,Intermediate,,,,,,,,,,,
Dumbbell squat,Strength,Quadriceps,Intermediate,,,,,,,,,,,
Dumbbell Lunges,Strength,Quadriceps,Intermediate,,,,,,,,,,,
Dumbbell reverse lunge,Strength,Quadriceps,Intermediate,,,,,,,,,,,
Split Squat with Dumbbells,Strength,Quadriceps,Intermediate,,,,,,,,,,,
Dumbbell sumo squat,Strength,Quadriceps,Intermediate,,,,,,,,,,,
Dumbbell seated box jump,Plyometrics,Quadriceps,Intermediate,,,,,,,,,,,
Dumbbell step-up,Strength,Quadriceps,Intermediate,,,,,,,,,,,
Dumbbell Walking Lunge,Strength,Quadriceps,Intermediate,,,,,,,,,,,
Dumbbell Squat To A Bench,Strength,Quadriceps,Beginner,,,,,,,,,,,
Dumbbell thruster,Strength,Quadriceps,Intermediate,,,,,,,,,,,
Dumbbell front squat,Strength,Quadriceps,Intermediate,,,,,,,,,,,
Single-Arm Dumbbell Overhead Squat,Strength,Quadriceps,Beginner,,,,,,,,,,,
Dumbbell lateral hop,Plyometrics,Quadriceps,Intermediate,,,,,,,,,,,
Dumbbell lunge with biceps curl,Strength,Quadriceps,Intermediate,,,,,,,,,,,
Dumbbell Pistol Squat,Strength,Quadriceps,Beginner,,,,,,,,,,,
Dumbbell Squat Snatch,Strength,Quadriceps,Beginner,,,,,,,,,,,
Dumbbell Alternating Lunge,Strength,Quadriceps,Beginner,,,,,,,,,,,
Dumbbell jump squat,Plyometrics,Quadriceps,Intermediate,,,,,,,,,,,
Dumbbell Side Lunge,Strength,Quadriceps,Beginner,,,,,,,,,,,
Boss Everline Dumbbell Lunge Jump,Strength,Quadriceps,Intermediate,,,,,,,,,,,
Dumbbell Fix Dumbbell Split Squat,Strength,Quadriceps,Intermediate,,,,,,,,,,,
Single-leg dumbbell Romanian deadlift,Strength,Quadriceps,Intermediate,,,,,,,,,,,
Dumbbell Fix Dumbbell Alternating Reverse Lunge,Strength,Quadriceps,Intermediate,,,,,,,,,,,
Dumbbell Fix Turkish Get-Up,Strength,Quadriceps,Intermediate,,,,,,,,,,,
Seesaw lunge,Strength,Quadriceps,Intermediate,,,,,,,,,,,
FYR Dumbbell Front Squat,Strength,Quadriceps,Intermediate,,,,,,,,,,,
Dumbbell split squat,Strength,Quadriceps,Intermediate,,,,,,,,,,,
Dumbbell deadlift,Strength,Quadriceps,Intermediate,,,,,,,,,,,
Single-arm stiff-legged deadlift,Strength,Quadriceps,Intermediate,,,,,,,,,,,
HM Dumbbell Overhead Squat,Strength,Quadriceps,Intermediate,,,,,,,,,,,
HM Dumbbell Squat,Strength,Quadriceps,Intermediate,,,,,,,,,,,
UNS Dumbbell Goblet Squat,Strength,Quadriceps,Intermediate,,,,,,,,,,,
Single-Arm Dumbbell Snatch,Strength,Quadriceps,Intermediate,,,,,,,,,,,
KV Dumbbell Lunges,Strength,Quadriceps,Intermediate,,,,,,,,,,,
Holman Squat to Biceps Curl,Strength,Quadriceps,Intermediate,,,,,,,,,,,
Holman Burpee to Biceps Curl,Strength,Quadriceps,Intermediate,,,,,,,,,,,
Holman Slow Weighted Reverse Lunge,Strength,Quadriceps,Intermediate,,,,,,,,,,,
Holman Slow Weighted Plie Squat,Strength,Quadriceps,Intermediate,,,,,,,,,,,
Holman Weighted Lunge Jump with Biceps Curl,Strength,Quadriceps,Intermediate,,,,,,,,,,,
Holman Left Reverse Lunge Chest Press to Left Knee-Up Chest Press,Strength,Quadriceps,Intermediate,,,,,,,,,,,
Holman Weighted Lunge Jump with Chest Press,Strength,Quadriceps,Intermediate,,,,,,,,,,,
Holman Weighted Half Jack to Biceps Curl,Strength,Quadriceps,Intermediate,,,,,,,,,,,
Holman Weighted Half Jack to Chest Press,Strength,Quadriceps,Intermediate,,,,,,,,,,,
Holman 180 Jump to Renegade Side Raise,Strength,Quadriceps,Intermediate,,,,,,,,,,,
Holman Right Reverse Lunge Biceps Curl to Right Knee-Up Biceps Curl,Strength,Quadriceps,Intermediate,,,,,,,,,,,
Holman Roll-Back to Squat Thrust to Renegade Row,Strength,Quadriceps,Intermediate,,,,,,,,,,,
Holman Roll-Back to Squat Thrust to Renegade Triceps Press,Strength,Quadriceps,Intermediate,,,,,,,,,,,
Holman Weighted Narrow Squat Jump,Strength,Quadriceps,Intermediate,,,,,,,,,,,
Holman Diagonal Deadlift,Strength,Quadriceps,Intermediate,,,,,,,,,,,
Holman Weighted Burpee to Triceps Press,Strength,Quadriceps,Intermediate,,,,,,,,,,,
Holman Squat Thrust Overhead Press,Strength,Quadriceps,Intermediate,,,,,,,,,,,
Holman Weighted Burpee to Chest Press,Strength,Quadriceps,Intermediate,,,,,,,,,,,
Holman Squat to Right-Arm Overhead Press,Strength,Quadriceps,Intermediate,,,,,,,,,,,
Holman Right Lunge Jump with Right Overhead Press,Strength,Quadriceps,Intermediate,,,,,,,,,,,
Holman Left Lunge Jump with Left Overhead Press,Strength,Quadriceps,Intermediate,,,,,,,,,,,
Holman Heavy Hip Drive,Strength,Quadriceps,Intermediate,,,,,,,,,,,
Holman Squat to Left-Arm Overhead Press,Strength,Quadriceps,Intermediate,,,,,,,,,,,
Holman Weighted Lunge Jump to Floor Lunge Jump,Strength,Quadriceps,Intermediate,,,,,,,,,,,
Holman Alternating Weighted Lunge Jump to Chest Press,Strength,Quadriceps,Intermediate,,,,,,,,,,,
Holman Weighted Burpee to Overhead Alternating Reverse Lunge,Strength,Quadriceps,Intermediate,,,,,,,,,,,
Holman Weighted 180 Jump to Chest Press,Strength,Quadriceps,Intermediate,,,,,,,,,,,
Holman Alternating Side Squat Overhead Press,Strength,Quadriceps,Intermediate,,,,,,,,,,,
Holman Right Lunge with Right Biceps Curl,Strength,Quadriceps,Intermediate,,,,,,,,,,,
Holman Left Lunge with Left Biceps Curl,Strength,Quadriceps,Intermediate,,,,,,,,,,,
Holman Squat Thrust to Alternating Front Raise,Strength,Quadriceps,Intermediate,,,,,,,,,,,
Dumbbell racked reverse lunge,Strength,Quadriceps,Intermediate,,,,,,,,,,,
Total Fitness Dumbbell Reverse Lunge,Strength,Quadriceps,Intermediate,,,,,,,,,,,
Single-arm dumbbell snatch-,Strength,Quadriceps,Intermediate,,,,,,,,,,,
Total Fitness Dumbbell Step-Up,Strength,Quadriceps,Intermediate,,,,,,,,,,,
Single-arm dumbbell front squat,Strength,Quadriceps,Intermediate,,,,,,,,,,,
King Maker Weighted Jump Squat,Strength,Quadriceps,Intermediate,,,,,,,,,,,
3D dumbbell lunge,Strength,Quadriceps,Intermediate,,,,,,,,,,,
MetaBurn Dumbbell Burpee,Strength,Quadriceps,Intermediate,,,,,,,,,,,
Dumbbell jump squat with rotation,Strength,Quadriceps,Intermediate,,,,,,,,,,,
MetaBurn Dumbbell Wide Squat to Rack,Strength,Quadriceps,Intermediate,,,,,,,,,,,
MetaBurn Reverse Lunge To High Pull,Strength,Quadriceps,Intermediate,,,,,,,,,,,
MetaBurn Reverse Lunge With Overhead Raise,Strength,Quadriceps,Intermediate,,,,,,,,,,,
MetaBurn Squat to Triceps Extension,Strength,Quadriceps,Intermediate,,,,,,,,,,,
30 Legs Dumbbell Goblet Squat,Strength,Quadriceps,Intermediate,,,,,,,,,,,
30 Legs Dumbbell Squat,Strength,Quadriceps,Intermediate,,,,,,,,,,,
Dumbbell step-down reverse lunge,Strength,Quadriceps,Intermediate,,,,,,,,,,,
Tire flip,Strongman,Quadriceps,Intermediate,,,,,,,,,,,
Single Leg Push-off,Plyometrics,Quadriceps,Beginner,,,,,,,,,,,
Bear crawl sled drag,Strongman,Quadriceps,Intermediate,,,,,,,,,,,
Bicycling,Cardio,Quadriceps,Intermediate,,,,,,,,,,,
Hex-bar deadlift,Strength,Quadriceps,Intermediate,,,,,,,,,,,
Skating,Cardio,Quadriceps,Beginner,,,,,,,,,,,
Weighted sissy squat,Strength,Quadriceps,Intermediate,,,,,,,,,,,
Dumbbell step-up,Strength,Quadriceps,Intermediate,,,,,,,,,,,
Yoke Walk,Strongman,Quadriceps,Beginner,,,,,,,,,,,
Front Cone Hops (or hurdle hops),Plyometrics,Quadriceps,Beginner,,,,,,,,,,,
Weighted Squat,Strength,Quadriceps,Beginner,,,,,,,,,,,
Bench skip,Plyometrics,Quadriceps,Intermediate,,,,,,,,,,,
Backward Drag,Strongman,Quadriceps,Beginner,,,,,,,,,,,
Sled Push,Strongman,Quadriceps,Intermediate,,,,,,,,,,,
Barbell squat with plate slide,Strength,Quadriceps,Intermediate,,,,,,,,,,,
Suspended split squat,Strength,Quadriceps,Intermediate,,,,,,,,,,,
Intermediate Hip Flexor and Quad Stretch,Stretching,Quadriceps,Beginner,,,,,,,,,,,
Sled Drag - Harness,Strongman,Quadriceps,Intermediate,,,,,,,,,,,
Burpee over barbell,Plyometrics,Quadriceps,Intermediate,,,,,,,,,,,
Dumbbell walking lunge-,Strength,Quadriceps,Intermediate,,,,,,,,,,,
Single-Leg Box Jump,Plyometrics,Quadriceps,Beginner,,,,,,,,,,,
Conan's Wheel,Strongman,Quadriceps,Beginner,,,,,,,,,,,
Single-Leg Hop Progression,Plyometrics,Quadriceps,Beginner,,,,,,,,,,,
Rickshaw Deadlift,Strongman,Quadriceps,Beginner,,,,,,,,,,,
Single-cone sprint drill,Plyometrics,Quadriceps,Intermediate,,,,,,,,,,,
Single-Leg Stride Jump,Plyometrics,Quadriceps,Beginner,,,,,,,,,,,
Trap Bar Jump,Plyometrics,Quadriceps,Beginner,,,,,,,,,,,
Single-Leg Lateral Hop,Plyometrics,Quadriceps,Beginner,,,,,,,,,,,
Burpee Box-Jumps,Plyometrics,Quadriceps,Intermediate,,,,,,,,,,,
Sandbag Load,Strongman,Quadriceps,Beginner,,,,,,,,,,,
Single-leg knee-tap squat,Strength,Quadriceps,Intermediate,,,,,,,,,,,
Car Deadlift,Strongman,Quadriceps,Beginner,,,,,,,,,,,
Barbell Squat To A Box,Strength,Quadriceps,Beginner,,,,,,,,,,,
Double Under,Cardio,Quadriceps,Beginner,,,,,,,,,,,
Plate push,Cardio,Quadriceps,Intermediate,,,,,,,,,,,
Hybrid deadlift,Strength,Quadriceps,Intermediate,,,,,,,,,,,
Boss Everline Suspension Side Run,Strength,Quadriceps,Intermediate,,,,,,,,,,,
Boss Everline Lunge Sled Push,Strength,Quadriceps,Intermediate,,,,,,,,,,,
Squat Bottom Position Hold,Strength,Quadriceps,Intermediate,,,,,,,,,,,
TRX Squat Jump,Strength,Quadriceps,Intermediate,,,,,,,,,,,
Landmine squat,Strength,Quadriceps,Intermediate,,,,,,,,,,,
Dumbbell Bulgarian split squat,Strength,Quadriceps,Intermediate,,,,,,,,,,,
Holman Towel Alternating Prisoner Reverse Lunge,Strength,Quadriceps,Intermediate,,,,,,,,,,,
Holman Weighted Burpee to Belly Touch,Strength,Quadriceps,Intermediate,,,,,,,,,,,
Holman Weighted Burpee to Front Punch,Strength,Quadriceps,Intermediate,,,,,,,,,,,
Holman Weighted Low Squat Punch,Strength,Quadriceps,Intermediate,,,,,,,,,,,
Holman Weighted Hook Punch to Squat Thrust,Strength,Quadriceps,Intermediate,,,,,,,,,,,
Holman Towel Alternating Side Lunge Squat,Strength,Quadriceps,Intermediate,,,,,,,,,,,
Holman Weighted Burpee to Renegade Side Punch,Strength,Quadriceps,Intermediate,,,,,,,,,,,
Holman Weighted Reverse Lunge to Knee-Up Overhead Press,Strength,Quadriceps,Intermediate,,,,,,,,,,,
Holman Lunge Jump with Overhead Press,Strength,Quadriceps,Intermediate,,,,,,,,,,,
Holman Weighted Burpee to Belly Touch to Standing T,Strength,Quadriceps,Intermediate,,,,,,,,,,,
Holman Weighted Squat Jump,Strength,Quadriceps,Intermediate,,,,,,,,,,,
Holman Weighted Plie Squat,Strength,Quadriceps,Intermediate,,,,,,,,,,,
Holman Heels-Elevated Sissy Squat,Strength,Quadriceps,Intermediate,,,,,,,,,,,
Holman Squat Jump to Overhead Press,Strength,Quadriceps,Intermediate,,,,,,,,,,,
Holman 180 Jump to Overhead Press,Strength,Quadriceps,Intermediate,,,,,,,,,,,
Holman Weighted Burpee to Row,Strength,Quadriceps,Intermediate,,,,,,,,,,,
Holman Weighted Burpee to 180 Jump,Strength,Quadriceps,Intermediate,,,,,,,,,,,
Holman Weighted 180 Jump,Strength,Quadriceps,Intermediate,,,,,,,,,,,
Holman Weighted Narrow-Mid-Wide Hop,Strength,Quadriceps,Intermediate,,,,,,,,,,,
Holman Alternating Weighted Diagonal Burpee,Strength,Quadriceps,Intermediate,,,,,,,,,,,
Holman Towel Burpee to Push-Up,Strength,Quadriceps,Intermediate,,,,,,,,,,,
Holman Towel Right Side Squat,Strength,Quadriceps,Intermediate,,,,,,,,,,,
ACFT Sprint-drag-carry,Strength,Quadriceps,Intermediate,,,,,,,,,,,
Cable Hip Adduction,Strength,Quadriceps,Beginner,,,,,,,,,,,
Cable Deadlifts,Strength,Quadriceps,Beginner,,,,,,,,,,,
KV Cable Squat,Strength,Quadriceps,Intermediate,,,,,,,,,,,
Single-Leg Press,Strength,Quadriceps,Intermediate,,,,,,,,,,,
Stair climber,Cardio,Quadriceps,Intermediate,,,,,,,,,,,
Leg Press,Strength,Quadriceps,Intermediate,,,,,,,,,,,
Elliptical trainer,Cardio,Quadriceps,Intermediate,,,,,,,,,,,
Narrow-stance leg press,Strength,Quadriceps,Intermediate,,,,,,,,,,,
Narrow Stance Hack Squats,Strength,Quadriceps,Beginner,,,,,,,,,,,
Stairmaster,Cardio,Quadriceps,Intermediate,,,,,,,,,,,
Machine Squat,Strength,Quadriceps,Intermediate,,,,,,,,,,,
Smith machine back squat,Strength,Quadriceps,Intermediate,,,,,,,,,,,
Leg Extensions,Strength,Quadriceps,Intermediate,,,,,,,,,,,
Treadmill running,Cardio,Quadriceps,Intermediate,,,,,,,,,,,
Stationary bike,Cardio,Quadriceps,Intermediate,,,,,,,,,,,
Treadmill jogging,Cardio,Quadriceps,Intermediate,,,,,,,,,,,
Recumbent Bike,Cardio,Quadriceps,Beginner,,,,,,,,,,,
Smith machine leg press,Strength,Quadriceps,Intermediate,,,,,,,,,,,
Lying Machine Squat,Strength,Quadriceps,Intermediate,,,,,,,,,,,
Seated Leg Press,Strength,Quadriceps,Intermediate,,,,,,,,,,,
Smith machine pistol squat,Strength,Quadriceps,Intermediate,,,,,,,,,,,
Leverage Deadlift,Strength,Quadriceps,Beginner,,,,,,,,,,,
Leg press-,Strength,Quadriceps,Intermediate,,,,,,,,,,,
TBS Hack Squat,Strength,Quadriceps,Intermediate,,,,,,,,,,,
Leg Extensions - Gethin Variation,Strength,Quadriceps,Intermediate,,,,,,,,,,,
Seated leg press-,Strength,Quadriceps,Intermediate,,,,,,,,,,,
Smith machine front squat,Strength,Quadriceps,Intermediate,,,,,,,,,,,
Machine Deadlift - Gethin Variation,Strength,Quadriceps,Intermediate,,,,,,,,,,,
Single-leg hack squat,Strength,Quadriceps,Intermediate,,,,,,,,,,,
Narrow-stance hack squat,Strength,Quadriceps,Intermediate,,,,,,,,,,,
Alternating Single-Leg Curl - Gethin Variation,Strength,Quadriceps,Intermediate,,,,,,,,,,,
Stiff-Legged Deadlift - Gethin Variation,Strength,Quadriceps,Intermediate,,,,,,,,,,,
Single-Leg Press - Gethin Variation,Strength,Quadriceps,Intermediate,,,,,,,,,,,
Hack squat-,Strength,Quadriceps,Intermediate,,,,,,,,,,,
Smith machine lunge squat,Strength,Quadriceps,Intermediate,,,,,,,,,,,
Hack Squat - Gethin Variation,Strength,Quadriceps,Expert,,,,,,,,,,,
Leg Press - Gethin Variation,Strength,Quadriceps,Intermediate,,,,,,,,,,,
AM Leg Press,Strength,Quadriceps,Intermediate,,,,,,,,,,,
Leg extension,Strength,Quadriceps,Intermediate,,,,,,,,,,,
UP Quad Extension,Strength,Quadriceps,Intermediate,,,,,,,,,,,
UP Single-Leg Press,Strength,Quadriceps,Intermediate,,,,,,,,,,,
UP Leg Press,Strength,Quadriceps,Intermediate,,,,,,,,,,,
Pop Squat On Leg Press,Strength,Quadriceps,Intermediate,,,,,,,,,,,
King Maker Leg Press,Strength,Quadriceps,Intermediate,,,,,,,,,,,
Single-leg leg press,Strength,Quadriceps,Intermediate,,,,,,,,,,,
King Maker Hack Squat,Strength,Quadriceps,Intermediate,,,,,,,,,,,
30 Legs Feet-High Leg Press,Strength,Quadriceps,Intermediate,,,,,,,,,,,
30 Legs Leg Press,Strength,Quadriceps,Intermediate,,,,,,,,,,,
30 Legs Leg Press Calf Raise,Strength,Quadriceps,Intermediate,,,,,,,,,,,
30 Legs Lying Leg Curl,Strength,Quadriceps,Intermediate,,,,,,,,,,,
30 Legs Machine Hack Squat,Strength,Quadriceps,Intermediate,,,,,,,,,,,
30 Legs Single-Leg Leg Extension,Strength,Quadriceps,Intermediate,,,,,,,,,,,
30 Legs Single-Leg Leg Press,Strength,Quadriceps,Intermediate,,,,,,,,,,,
30 Legs Single-Leg Lying Leg Curl,Strength,Quadriceps,Intermediate,,,,,,,,,,,
30 Legs Smith Machine Split Squat,Strength,Quadriceps,Intermediate,,,,,,,,,,,
30 Legs Smith Machine Squat,Strength,Quadriceps,Intermediate,,,,,,,,,,,
Jumping rope,Cardio,Quadriceps,Intermediate,,,,,,,,,,,
Forward lunge,Strength,Quadriceps,Intermediate,,,,,,,,,,,
Side-to-side box skip,Plyometrics,Quadriceps,Intermediate,,,,,,,,,,,
Bodyweight squat,Strength,Quadriceps,Intermediate,,,,,,,,,,,
Broad jump,Plyometrics,Quadriceps,Intermediate,,,,,,,,,,,
Burpee,Cardio,Quadriceps,Intermediate,,,,,,,,,,,
Trail Running/Walking,Cardio,Quadriceps,Intermediate,,,,,,,,,,,
Scissors Jump,Plyometrics,Quadriceps,Expert,,,,,,,,,,,
Jumping jack-,Plyometrics,Quadriceps,Intermediate,,,,,,,,,,,
Arms-crossed jump squat,Strength,Quadriceps,Intermediate,,,,,,,,,,,
Bodyweight Reverse Lunge,Strength,Quadriceps,Intermediate,,,,,,,,,,,
Alien Squat,Plyometrics,Quadriceps,Beginner,,,,,,,,,,,
Treadmill walking,Cardio,Quadriceps,Intermediate,,,,,,,,,,,
Rocket Jump,Plyometrics,Quadriceps,Beginner,,,,,,,,,,,
Depth jump box jump,Plyometrics,Quadriceps,Intermediate,,,,,,,,,,,
Bodyweight Walking Lunge,Strength,Quadriceps,Intermediate,,,,,,,,,,,
Walking High Knees,Cardio,Quadriceps,Intermediate,,,,,,,,,,,
Lateral lunge,Strength,Quadriceps,Intermediate,,,,,,,,,,,
Jump Squat,Plyometrics,Quadriceps,Intermediate,,,,,,,,,,,
Over bench jump,Plyometrics,Quadriceps,Intermediate,,,,,,,,,,,
Split Jump,Plyometrics,Quadriceps,Intermediate,,,,,,,,,,,
90-degree jump squat,Plyometrics,Quadriceps,Intermediate,,,,,,,,,,,
Skip,Plyometrics,Quadriceps,Intermediate,,,,,,,,,,,
Kneeling hip flexor stretch,Stretching,Quadriceps,Intermediate,,,,,,,,,,,
Iron Crosses (stretch),Stretching,Quadriceps,Intermediate,,,,,,,,,,,
All Fours Quad Stretch,Stretching,Quadriceps,Beginner,,,,,,,,,,,
Lying quad stretch with band,Stretching,Quadriceps,Intermediate,,,,,,,,,,,
One Half Locust,Stretching,Quadriceps,Intermediate,,,,,,,,,,,
Standing Hip Flexors,Stretching,Quadriceps,Intermediate,,,,,,,,,,,
Looking At Ceiling,Stretching,Quadriceps,Intermediate,,,,,,,,,,,
Rear Leg Raises,Stretching,Quadriceps,Beginner,,,,,,,,,,,
On Your Side Quad Stretch,Stretching,Quadriceps,Intermediate,,,,,,,,,,,
On-Your-Back Quad Stretch,Stretching,Quadriceps,Intermediate,,,,,,,,,,,
Standing Elevated Quad Stretch,Stretching,Quadriceps,Intermediate,,,,,,,,,,,
Thigh killa,Strength,Quadriceps,Intermediate,,,,,,,,,,,
Southpaw sprawl,Plyometrics,Quadriceps,Intermediate,,,,,,,,,,,
Stride Jump Crossover,Plyometrics,Quadriceps,Intermediate,,,,,,,,,,,
Side Standing Long Jump,Plyometrics,Quadriceps,Intermediate,,,,,,,,,,,
Wall squat,Strength,Quadriceps,Intermediate,,,,,,,,,,,
Slide Jump Shot,Plyometrics,Quadriceps,Beginner,,,,,,,,,,,
Sprawl frog kick,Plyometrics,Quadriceps,Intermediate,,,,,,,,,,,
Lateral Speed Step,Cardio,Quadriceps,Intermediate,,,,,,,,,,,
Side Hop-Sprint,Plyometrics,Quadriceps,Intermediate,,,,,,,,,,,
Pop squat,Plyometrics,Quadriceps,Intermediate,,,,,,,,,,,
Star Jump,Plyometrics,Quadriceps,Beginner,,,,,,,,,,,
Side Lunge Touching Heel,Strength,Quadriceps,Intermediate,,,,,,,,,,,
Lying Prone Quadriceps,Stretching,Quadriceps,Beginner,,,,,,,,,,,
Fast Kick With Arm Circles,Cardio,Quadriceps,Beginner,,,,,,,,,,,
Single-leg box squat,Strength,Quadriceps,Intermediate,,,,,,,,,,,
Defensive Slide,Cardio,Quadriceps,Beginner,,,,,,,,,,,
Quick Leap,Plyometrics,Quadriceps,Intermediate,,,,,,,,,,,
Vertical Mountain Climber,Cardio,Quadriceps,Beginner,,,,,,,,,,,
Reverse Burpee,Plyometrics,Quadriceps,Beginner,,,,,,,,,,,
Football Up-Down,Cardio,Quadriceps,Beginner,,,,,,,,,,,
Jump lunge heel kick,Plyometrics,Quadriceps,Intermediate,,,,,,,,,,,
Burpee box jump,Plyometrics,Quadriceps,Intermediate,,,,,,,,,,,
Linear Depth Jump,Plyometrics,Quadriceps,Intermediate,,,,,,,,,,,
Slow Jog,Cardio,Quadriceps,Beginner,,,,,,,,,,,
High knees,Cardio,Quadriceps,Intermediate,,,,,,,,,,,
Jumping Jack,Cardio,Quadriceps,Intermediate,,,,,,,,,,,
Square Hop,Plyometrics,Quadriceps,Beginner,,,,,,,,,,,
Running lunge,Plyometrics,Quadriceps,Intermediate,,,,,,,,,,,
In-out jump squat,Plyometrics,Quadriceps,Intermediate,,,,,,,,,,,
Gorilla squat,Plyometrics,Quadriceps,Intermediate,,,,,,,,,,,
Burpee tuck jump,Plyometrics,Quadriceps,Intermediate,,,,,,,,,,,
Speed skater,Plyometrics,Quadriceps,Intermediate,,,,,,,,,,,
Jumping knee up-down,Plyometrics,Quadriceps,Intermediate,,,,,,,,,,,
Jump Lunge To Feet Jack,Plyometrics,Quadriceps,Intermediate,,,,,,,,,,,
Reverse Lunge Rotation,Strength,Quadriceps,Intermediate,,,,,,,,,,,
Alternating standing knee-pull stretch,Stretching,Quadriceps,Intermediate,,,,,,,,,,,
Seal jack,Strength,Quadriceps,Intermediate,,,,,,,,,,,
Kneeling quad thoracic stretch,Strength,Quadriceps,Intermediate,,,,,,,,,,,
Single-Leg Squat With Knee Tap,Strength,Quadriceps,Expert,,,,,,,,,,,
Shuttle run,Cardio,Quadriceps,Intermediate,,,,,,,,,,,
Squat Isometric Hold,Plyometrics,Quadriceps,Expert,,,,,,,,,,,
Wall sit,Strength,Quadriceps,Intermediate,,,,,,,,,,,
Walking lunge with hip extension,Strength,Quadriceps,Intermediate,,,,,,,,,,,
Squat with alternating side leg raise,Strength,Quadriceps,Intermediate,,,,,,,,,,,
Lateral Squats,Strength,Quadriceps,Intermediate,,,,,,,,,,,
Walking lunge with twist,Strength,Quadriceps,Intermediate,,,,,,,,,,,
Boss Everline Backward Lunge Walk,Strength,Quadriceps,Intermediate,,,,,,,,,,,
Reverse Diagonal Skaters,Strength,Quadriceps,Intermediate,,,,,,,,,,,
FYR Air Squat,Strength,Quadriceps,Intermediate,,,,,,,,,,,
FYR Tuck Jump,Strength,Quadriceps,Intermediate,,,,,,,,,,,
Push-up sprawl tuck jump,Strength,Quadriceps,Intermediate,,,,,,,,,,,
FYR Running Lunge,Strength,Quadriceps,Intermediate,,,,,,,,,,,
FYR Jumping Lunge,Strength,Quadriceps,Intermediate,,,,,,,,,,,
FYR Sprawl Frog Kick,Strength,Quadriceps,Intermediate,,,,,,,,,,,
Jump squat-,Strength,Quadriceps,Intermediate,,,,,,,,,,,
FYR Sprinter Burpee,Cardio,Quadriceps,Intermediate,,,,,,,,,,,
Single-leg burpee,Strength,Quadriceps,Intermediate,,,,,,,,,,,
FYR Gorilla Squat,Strength,Quadriceps,Intermediate,,,,,,,,,,,
Banded compass jump squat,Strength,Quadriceps,Intermediate,,,,,,,,,,,
In-out sprawl,Strength,Quadriceps,Intermediate,,,,,,,,,,,
Knee-tuck kick-up,Strength,Quadriceps,Intermediate,,,,,,,,,,,
Bear crawl donkey kick,Strength,Quadriceps,Intermediate,,,,,,,,,,,
Southpaw sprawl with push-up,Strength,Quadriceps,Intermediate,,,,,,,,,,,
Bouncing lunge,Strength,Quadriceps,Intermediate,,,,,,,,,,,
Bodyweight Squat - Gethin Variation,Strength,Quadriceps,Intermediate,,,,,,,,,,,
FYR Alternating Lunge,Strength,Quadriceps,Intermediate,,,,,,,,,,,
Bodyweight Walking Lunge - Gethin Variation,Strength,Quadriceps,Intermediate,,,,,,,,,,,
Seated Quad Contraction,Strength,Quadriceps,Intermediate,,,,,,,,,,,
HM Squat with Alternating Leg Extension,Strength,Quadriceps,Intermediate,,,,,,,,,,,
HM Air Squat,Strength,Quadriceps,Intermediate,,,,,,,,,,,
HM Alternating Jump Lunge,Strength,Quadriceps,Intermediate,,,,,,,,,,,
HM Alternating Lunge-In-Place,Strength,Quadriceps,Intermediate,,,,,,,,,,,
HM Alternating Side Lunge,Strength,Quadriceps,Intermediate,,,,,,,,,,,
HM Sumo Pulse,Strength,Quadriceps,Intermediate,,,,,,,,,,,
HM Sumo Squat,Strength,Quadriceps,Intermediate,,,,,,,,,,,
HM Alternating Side-Kick,Strength,Quadriceps,Intermediate,,,,,,,,,,,
HM Tuck-Up Burpee,Strength,Quadriceps,Intermediate,,,,,,,,,,,
HM Bear Crawl,Strength,Quadriceps,Intermediate,,,,,,,,,,,
HM Bear Stance Fire Hydrant,Strength,Quadriceps,Intermediate,,,,,,,,,,,
HM Walking Frankenstein,Strength,Quadriceps,Intermediate,,,,,,,,,,,
HM Walking Hip Stretch,Stretching,Quadriceps,Intermediate,,,,,,,,,,,
HM Wide Jump Squat,Strength,Quadriceps,Intermediate,,,,,,,,,,,
HM Boxer Shuffle,Strength,Quadriceps,Intermediate,,,,,,,,,,,
HM Running Lunge,Cardio,Quadriceps,Intermediate,,,,,,,,,,,
HM Bulgarian Split Squat On Chair,Strength,Quadriceps,Intermediate,,,,,,,,,,,
HM Burpee,Strength,Quadriceps,Intermediate,,,,,,,,,,,
HM Butterfly,Strength,Quadriceps,Intermediate,,,,,,,,,,,
HM Alternating Lunge Push-Up,Strength,Quadriceps,Intermediate,,,,,,,,,,,
HM Comet,Strength,Quadriceps,Intermediate,,,,,,,,,,,
HM Couch Stretch,Strength,Quadriceps,Intermediate,,,,,,,,,,,
HM Down Up,Strength,Quadriceps,Intermediate,,,,,,,,,,,
HM Duck Walk,Strength,Quadriceps,Intermediate,,,,,,,,,,,
HM Fragon,Strength,Quadriceps,Intermediate,,,,,,,,,,,
HM Frankenstein,Strength,Quadriceps,Intermediate,,,,,,,,,,,
HM Single-Leg Squat on Chair,Strength,Quadriceps,Intermediate,,,,,,,,,,,
HM Single-Leg Touchdown,Strength,Quadriceps,Intermediate,,,,,,,,,,,
HM Speed Skater,Strength,Quadriceps,Intermediate,,,,,,,,,,,
HM Squat Jump,Strength,Quadriceps,Intermediate,,,,,,,,,,,
HM Squat Lunge,Strength,Quadriceps,Intermediate,,,,,,,,,,,
HM Garland Pose,Strength,Quadriceps,Intermediate,,,,,,,,,,,
HM High Knees,Strength,Quadriceps,Intermediate,,,,,,,,,,,
HM In-And-Out Squat,Strength,Quadriceps,Intermediate,,,,,,,,,,,
HM In-And-Out Squat Jump,Strength,Quadriceps,Intermediate,,,,,,,,,,,
HM Jumping Jack,Strength,Quadriceps,Intermediate,,,,,,,,,,,
HM Jumping Knee-Up,Strength,Quadriceps,Intermediate,,,,,,,,,,,
HM Jumping Rope,Strength,Quadriceps,Intermediate,,,,,,,,,,,
HM Right Calf-Spike Sumo Pulse,Strength,Quadriceps,Intermediate,,,,,,,,,,,
HM Reverse Lunge with Kick,Strength,Quadriceps,Intermediate,,,,,,,,,,,
HM Left Knee-Up,Strength,Quadriceps,Intermediate,,,,,,,,,,,
HM Left-Leg Lunge And Kick-Out,Strength,Quadriceps,Intermediate,,,,,,,,,,,
HM Mountain Pose,Strength,Quadriceps,Intermediate,,,,,,,,,,,
HM Butt Kickers,Strength,Quadriceps,Intermediate,,,,,,,,,,,
HM Right-Leg Lunge And Kick-Out,Strength,Quadriceps,Intermediate,,,,,,,,,,,
HM Sumo Get-Up,Strength,Quadriceps,Intermediate,,,,,,,,,,,
AM Jump Squat,Strength,Quadriceps,Intermediate,,,,,,,,,,,
AM Bodyweight Squat,Strength,Quadriceps,Intermediate,,,,,,,,,,,
High knees sprawl drill,Strength,Quadriceps,Intermediate,,,,,,,,,,,
UP Bulgarian Split Squat,Strength,Quadriceps,Intermediate,,,,,,,,,,,
UN Forward Lunge,Strength,Quadriceps,Intermediate,,,,,,,,,,,
UN Front Foot Elevated Split Squat,Strength,Quadriceps,Intermediate,,,,,,,,,,,
UNS Half-Kneeling Hip Flexor Stretch,Strength,Quadriceps,Intermediate,,,,,,,,,,,
UNS Low Depth Jump,Strength,Quadriceps,Intermediate,,,,,,,,,,,
UNS Forward-To-Reverse Lunge,Strength,Quadriceps,Intermediate,,,,,,,,,,,
Holman Towel Squat Thrust,Strength,Quadriceps,Intermediate,,,,,,,,,,,
Holman Towel Alternating Prisoner Squat,Strength,Quadriceps,Intermediate,,,,,,,,,,,
Holman Towel Alternating Lateral Lunge,Strength,Quadriceps,Intermediate,,,,,,,,,,,
Holman Squat Pull-Through Jump,Strength,Quadriceps,Intermediate,,,,,,,,,,,
Holman 180 Jump,Strength,Quadriceps,Intermediate,,,,,,,,,,,
Holman Foot-Elevated Knee-Up to Squat,Strength,Quadriceps,Intermediate,,,,,,,,,,,
Holman Feet-Elevated Squat Thrust,Strength,Quadriceps,Intermediate,,,,,,,,,,,
Holman Hands-Elevated Lunge Jump,Strength,Quadriceps,Intermediate,,,,,,,,,,,
Holman Hands-Elevated Jack to Split Jump,Strength,Quadriceps,Intermediate,,,,,,,,,,,
Holman Hands-Elevated Wide Squat Thrust,Strength,Quadriceps,Intermediate,,,,,,,,,,,
Holman Hands-Elevated Squat Thrust to Split Jack,Strength,Quadriceps,Intermediate,,,,,,,,,,,
Holman Squat Jump,Strength,Quadriceps,Intermediate,,,,,,,,,,,
Holman Squat Pulse,Strength,Quadriceps,Intermediate,,,,,,,,,,,
Holman Jump-Out Push-Up,Strength,Quadriceps,Intermediate,,,,,,,,,,,
Holman Alternating Forward Lunge,Strength,Quadriceps,Intermediate,,,,,,,,,,,
Holman Burpee to Jump,Strength,Quadriceps,Intermediate,,,,,,,,,,,
Holman Pilates Single-Leg Stretch,Strength,Quadriceps,Intermediate,,,,,,,,,,,
Holman Alternating Reverse Prisoner Lunge,Strength,Quadriceps,Intermediate,,,,,,,,,,,
Holman Narrow-Wide Squat Jump to 180 Jump,Strength,Quadriceps,Intermediate,,,,,,,,,,,
Holman 180 Jump to Lunge,Strength,Quadriceps,Intermediate,,,,,,,,,,,
Holman Imaginary Jump Rope,Strength,Quadriceps,Intermediate,,,,,,,,,,,
Holman Fast Feet with Hands Up,Strength,Quadriceps,Intermediate,,,,,,,,,,,
Holman Hands-Elevated Alternating Lunge Jump,Strength,Quadriceps,Intermediate,,,,,,,,,,,
Holman Right Split Lunge,Strength,Quadriceps,Intermediate,,,,,,,,,,,
Holman Left Split Lunge,Strength,Quadriceps,Intermediate,,,,,,,,,,,
Holman Plyometric Jump,Strength,Quadriceps,Intermediate,,,,,,,,,,,
Holman Quad Touch Jump,Strength,Quadriceps,Intermediate,,,,,,,,,,,
Holman Skate,Strength,Quadriceps,Intermediate,,,,,,,,,,,
Holman Lunge Jump,Strength,Quadriceps,Intermediate,,,,,,,,,,,
Holman Flying Squat Thrust,Strength,Quadriceps,Intermediate,,,,,,,,,,,
Holman 90-Degree Jump,Strength,Quadriceps,Intermediate,,,,,,,,,,,
Holman Half Jack to 180 Jump,Strength,Quadriceps,Intermediate,,,,,,,,,,,
Holman Quick Feet to Quad Touch Jump,Strength,Quadriceps,Intermediate,,,,,,,,,,,
Holman Squat Thrust to Push-Up to Super Woman,Strength,Quadriceps,Intermediate,,,,,,,,,,,
Holman Plyometric Jump to 180 Jump,Strength,Quadriceps,Intermediate,,,,,,,,,,,
Holman Standing Heel Click to Hands Down Heel Click,Strength,Quadriceps,Intermediate,,,,,,,,,,,
Holman Burpee to 180 Jump,Strength,Quadriceps,Intermediate,,,,,,,,,,,
Holman Traveling Low Jack to Belly Touch,Strength,Quadriceps,Intermediate,,,,,,,,,,,
Holman Flying Squat Thrust to Shoulder Tap,Strength,Quadriceps,Intermediate,,,,,,,,,,,
Holman Squat Jump to Alternating Side Lunge Jump,Strength,Quadriceps,Intermediate,,,,,,,,,,,
Holman Low Squat with Low Diagonal Dumbbell Punch,Strength,Quadriceps,Intermediate,,,,,,,,,,,
Holman Right Leg Hop to Right Reverse Lunge,Strength,Quadriceps,Intermediate,,,,,,,,,,,
Holman Left Leg Hop to Left Reverse Lunge,Strength,Quadriceps,Intermediate,,,,,,,,,,,
Holman Burpee to Open Stance,Strength,Quadriceps,Intermediate,,,,,,,,,,,
Holman Diagonal Squat Thrust to Renegade Forward Punch,Strength,Quadriceps,Intermediate,,,,,,,,,,,
Holman Bear Crawl,Strength,Quadriceps,Intermediate,,,,,,,,,,,
Holman Bear Crawl to Donkey Kick,Strength,Quadriceps,Intermediate,,,,,,,,,,,
Holman Bear Crawl to Froggy Push-Up,Strength,Quadriceps,Intermediate,,,,,,,,,,,
Holman Bear Crawl to Shoulder Tap,Strength,Quadriceps,Intermediate,,,,,,,,,,,
Holman Burpee to Tuck Jump,Strength,Quadriceps,Intermediate,,,,,,,,,,,
Holman Burpee to Flying Squat Thrust to Tuck Jump,Strength,Quadriceps,Intermediate,,,,,,,,,,,
Holman Forward Lunge to Reverse Lunge,Strength,Quadriceps,Intermediate,,,,,,,,,,,
Holman Renegade Lunge Jump,Strength,Quadriceps,Intermediate,,,,,,,,,,,
Holman Squat Jump to Lunge Jump,Strength,Quadriceps,Intermediate,,,,,,,,,,,
Holman Prisoner Reverse Lunge,Strength,Quadriceps,Intermediate,,,,,,,,,,,
Holman Wide-to-Narrow Squat Jump,Strength,Quadriceps,Intermediate,,,,,,,,,,,
Holman Donkey Run,Strength,Quadriceps,Intermediate,,,,,,,,,,,
Holman Weighted Wide-to-Narrow Squat Jump,Strength,Quadriceps,Intermediate,,,,,,,,,,,
Holman Wide-to-Narrow Donkey Kick,Strength,Quadriceps,Intermediate,,,,,,,,,,,
Holman Mule Kick,Strength,Quadriceps,Intermediate,,,,,,,,,,,
Holman Goal Post to Squat,Strength,Quadriceps,Intermediate,,,,,,,,,,,
Holman Frogger Squat to Heel Click,Strength,Quadriceps,Intermediate,,,,,,,,,,,
Holman Stair Sprint,Strength,Quadriceps,Intermediate,,,,,,,,,,,
Holman Stair Bear Crawl,Strength,Quadriceps,Intermediate,,,,,,,,,,,
Holman Burpee to Flying Squat Thrust,Strength,Quadriceps,Intermediate,,,,,,,,,,,
Holman Flying Squat Thrust to Push-Up,Strength,Quadriceps,Intermediate,,,,,,,,,,,
Holman Foot-Elevated Step-To-Lunge,Strength,Quadriceps,Intermediate,,,,,,,,,,,
Holman Split Lunge,Strength,Quadriceps,Intermediate,,,,,,,,,,,
Holman Stair Climb,Strength,Quadriceps,Intermediate,,,,,,,,,,,
Holman Burpee to Flying Jack,Strength,Quadriceps,Intermediate,,,,,,,,,,,
Holman Right Reverse Lunge,Strength,Quadriceps,Intermediate,,,,,,,,,,,
Holman Left Reverse Lunge,Strength,Quadriceps,Intermediate,,,,,,,,,,,
Holman Squat Tap to Hop,Strength,Quadriceps,Intermediate,,,,,,,,,,,
Holman Squat Tap to Jump-Forward-Jump-Back,Strength,Quadriceps,Intermediate,,,,,,,,,,,
Holman Squat Hip Drive,Strength,Quadriceps,Intermediate,,,,,,,,,,,
Holman Alternating Double Lunge Hop,Strength,Quadriceps,Intermediate,,,,,,,,,,,
Holman Right Reverse Lunge to Front Kick,Strength,Quadriceps,Intermediate,,,,,,,,,,,
Holman Right Leg Forward Lunge Hop,Strength,Quadriceps,Intermediate,,,,,,,,,,,
Holman Right Squat Thrust,Strength,Quadriceps,Intermediate,,,,,,,,,,,
Holman Left Reverse Lunge to Front Kick,Strength,Quadriceps,Intermediate,,,,,,,,,,,
Holman Left Leg Forward Lunge Hop,Strength,Quadriceps,Intermediate,,,,,,,,,,,
Holman Left Side Diagonal Burpee,Strength,Quadriceps,Intermediate,,,,,,,,,,,
Holman Left Squat Thrust,Strength,Quadriceps,Intermediate,,,,,,,,,,,
Holman Wide Squat Thrust,Strength,Quadriceps,Intermediate,,,,,,,,,,,
Holman Alternating Single-Leg Hop to Squat to 180 Jump,Strength,Quadriceps,Intermediate,,,,,,,,,,,
Holman Right Lunge Hop to Chest Press,Strength,Quadriceps,Intermediate,,,,,,,,,,,
Holman Left Lunge Hop to Overhead Press,Strength,Quadriceps,Intermediate,,,,,,,,,,,
Holman 180 Jump Hop Forward Hop Back,Strength,Quadriceps,Intermediate,,,,,,,,,,,
Holman Right Split Squat,Strength,Quadriceps,Intermediate,,,,,,,,,,,
Holman Left Split Squat,Strength,Quadriceps,Intermediate,,,,,,,,,,,
Holman Double Squat Pulse to 180 Jump,Strength,Quadriceps,Intermediate,,,,,,,,,,,
Holman Towel Left Side Squat,Strength,Quadriceps,Intermediate,,,,,,,,,,,
Holman Alternating Lunge Jump,Strength,Quadriceps,Intermediate,,,,,,,,,,,
Holman Lunge Jump to Squat Jump,Strength,Quadriceps,Intermediate,,,,,,,,,,,
Holman Burpee with Belly Touch,Strength,Quadriceps,Intermediate,,,,,,,,,,,
Bootstrapper squat,Strength,Quadriceps,Intermediate,,,,,,,,,,,
Total Fitness Broad Jump,Strength,Quadriceps,Intermediate,,,,,,,,,,,
Total Fitness Lateral Lunge,Strength,Quadriceps,Intermediate,,,,,,,,,,,
Lateral shuffle,Strength,Quadriceps,Intermediate,,,,,,,,,,,
Total Fitness Skip,Strength,Quadriceps,Intermediate,,,,,,,,,,,
Total Fitness Spider Lunge,Strength,Quadriceps,Intermediate,,,,,,,,,,,
Spider lunge stretch,Strength,Quadriceps,Intermediate,,,,,,,,,,,
Spider lunge with T-rotation,Strength,Quadriceps,Intermediate,,,,,,,,,,,
Standing quad stretch,Strength,Quadriceps,Intermediate,,,,,,,,,,,
Vertical jump,Strength,Quadriceps,Intermediate,,,,,,,,,,,
King Maker Burpee,Strength,Quadriceps,Intermediate,,,,,,,,,,,
King Maker Explosive High Jump,Strength,Quadriceps,Intermediate,,,,,,,,,,,
Muscle Beach Skip,Strength,Quadriceps,Intermediate,,,,,,,,,,,
Muscle Beach Broad Jump,Strength,Quadriceps,Intermediate,,,,,,,,,,,
Muscle Beach Sprint,Strength,Quadriceps,Intermediate,,,,,,,,,,,
Muscle Beach Front Kick,Strength,Quadriceps,Intermediate,,,,,,,,,,,
Muscle Beach Side Kick,Strength,Quadriceps,Intermediate,,,,,,,,,,,
Muscle Beach Spin Kick,Strength,Quadriceps,Intermediate,,,,,,,,,,,
Muscle Beach Freestyle Kick,Strength,Quadriceps,Intermediate,,,,,,,,,,,
MetaBurn Alternating Curtsy Lunge To Squat,Strength,Quadriceps,Intermediate,,,,,,,,,,,
MetaBurn Alternating Curtsy Lunge With High Knee,Strength,Quadriceps,Intermediate,,,,,,,,,,,
MetaBurn Alternating Diagonal Sprawl,Strength,Quadriceps,Intermediate,,,,,,,,,,,
MetaBurn Alternating Lateral Sprawl,Strength,Quadriceps,Intermediate,,,,,,,,,,,
MetaBurn Curtsy Lunge,Strength,Quadriceps,Intermediate,,,,,,,,,,,
MetaBurn Frogger,Strength,Quadriceps,Intermediate,,,,,,,,,,,
MetaBurn High Knee Rotation,Strength,Quadriceps,Intermediate,,,,,,,,,,,
MetaBurn Side-To-Side Lunge,Strength,Quadriceps,Intermediate,,,,,,,,,,,
MetaBurn Star Jump,Strength,Quadriceps,Intermediate,,,,,,,,,,,
MetaBurn Tuck Jump With Knee Slap,Strength,Quadriceps,Intermediate,,,,,,,,,,,
MetaBurn Lateral Bounding Hop,Strength,Quadriceps,Intermediate,,,,,,,,,,,
MetaBurn Double Lunge,Strength,Quadriceps,Intermediate,,,,,,,,,,,
Robertson Sprinter Step-Up,Strength,Quadriceps,Intermediate,,,,,,,,,,,
FYR2 Front Kick-Through,Strength,Quadriceps,Intermediate,,,,,,,,,,,
Lunge high-knee clap,Strength,Quadriceps,Intermediate,,,,,,,,,,,
FYR2 Plyo Split Squat,Strength,Quadriceps,Intermediate,,,,,,,,,,,
FYR2 Reverse Burpee,Strength,Quadriceps,Intermediate,,,,,,,,,,,
FYR2 Reverse Burpee to Regular Burpee,Strength,Quadriceps,Intermediate,,,,,,,,,,,
FYR2 Reverse Burpee Tuck Jump,Strength,Quadriceps,Intermediate,,,,,,,,,,,
FYR2 Sprawlee,Strength,Quadriceps,Intermediate,,,,,,,,,,,
FYR2 Squat Hold,Strength,Quadriceps,Intermediate,,,,,,,,,,,
FYR2 Squat Jump,Strength,Quadriceps,Intermediate,,,,,,,,,,,
FYR2 Squat Pulse,Strength,Quadriceps,Intermediate,,,,,,,,,,,
Sprinter burpee,Strength,Quadriceps,Intermediate,,,,,,,,,,,
Shuttle run training,Strength,Quadriceps,Intermediate,,,,,,,,,,,
Medicine ball ninja,Plyometrics,Quadriceps,Intermediate,,,,,,,,,,,
FYR Air Ball Plus Medicine Ball Jumping Sprawl,Strength,Quadriceps,Intermediate,,,,,,,,,,,
Medicine ball cowboy squat,Strength,Quadriceps,Intermediate,,,,,,,,,,,
Medicine ball jumping jill,Strength,Quadriceps,Intermediate,,,,,,,,,,,
Alternate Leg Diagonal Bound,Plyometrics,Quadriceps,Beginner,,,,,,,,,,,
Sit Squats,Stretching,Quadriceps,Beginner,,,,,,,,,,,
Frog Hops,Stretching,Quadriceps,Beginner,,,,,,,,,,,
Dumbbell lateral hop to sprint,Plyometrics,Quadriceps,Intermediate,,,,,,,,,,,
Smith machine lunge sprint,Strength,Quadriceps,Intermediate,,,,,,,,,,,
Sissy squat,Strength,Quadriceps,Intermediate,,,,,,,,,,,
Wall ball toss,Plyometrics,Quadriceps,Intermediate,,,,,,,,,,,
Bosu Ball Squat,Strength,Quadriceps,Beginner,,,,,,,,,,,
Exercise ball Bulgarian split squat,Strength,Quadriceps,Intermediate,,,,,,,,,,,
Internal Rotation with Band,Strength,Shoulders,Beginner,,,,,,,,,,,
Band Pull Apart,Strength,Shoulders,Intermediate,,,,,,,,,,,
Back Flyes - With Bands,Strength,Shoulders,Beginner,,,,,,,,,,,
Lateral Raise - With Bands,Strength,Shoulders,Beginner,,,,,,,,,,,
Shoulder Press - With Bands,Strength,Shoulders,Beginner,,,,,,,,,,,
External Rotation with Band,Strength,Shoulders,Beginner,,,,,,,,,,,
FYR Band Pull-Apart,Strength,Shoulders,Intermediate,,,,,,,,,,,
HM Lateral Raise,Strength,Shoulders,Intermediate,,,,,,,,,,,
Rusin Banded Over-And-Back,Strength,Shoulders,Intermediate,,,,,,,,,,,
Rusin Banded Face Pull,Strength,Shoulders,Intermediate,,,,,,,,,,,
UP Band Pull-Apart,Strength,Shoulders,Intermediate,,,,,,,,,,,
Jordan Shallow Band-Resisted Thread the Needle,Strength,Shoulders,Intermediate,,,,,,,,,,,
30 Shoulders Seated Banded Barbell Shoulder Press,Strength,Shoulders,Intermediate,,,,,,,,,,,
Band shoulder press,Strength,Shoulders,Intermediate,,,,,,,,,,,
Band lateral raise,Strength,Shoulders,Intermediate,,,,,,,,,,,
Band upright row,Strength,Shoulders,Intermediate,,,,,,,,,,,
Staggered-stance band shoulder press,Strength,Shoulders,Intermediate,,,,,,,,,,,
Single-arm banded landmine press,Strength,Shoulders,Intermediate,,,,,,,,,,,
Band front raise rear fly row combo,Strength,Shoulders,Intermediate,,,,,,,,,,,
Jordan Shallow Foam Roller Thoracic Extension,Strength,Shoulders,Intermediate,,,,,,,,,,,
Jordan Shallow Thread the Needle (with Foam Roller),Strength,Shoulders,Intermediate,,,,,,,,,,,
Clean and press,Strength,Shoulders,Intermediate,,,,,,,,,,,
Clean and jerk,Olympic Weightlifting,Shoulders,Intermediate,,,,,,,,,,,
Military press,Strength,Shoulders,Intermediate,,,,,,,,,,,
Seated barbell shoulder press,Strength,Shoulders,Intermediate,,,,,,,,,,,
Snatch-Grip Behind-The-Neck Overhead Press,Strength,Shoulders,Beginner,,,,,,,,,,,
Standing Bradford press,Strength,Shoulders,Intermediate,,,,,,,,,,,
Barbell Shoulder Press,Strength,Shoulders,Intermediate,,,,,,,,,,,
Barbell rear delt bent-over row,Strength,Shoulders,Intermediate,,,,,,,,,,,
Barbell upright row,Strength,Shoulders,Intermediate,,,,,,,,,,,
Bradford/Rocky Presses,Strength,Shoulders,Beginner,,,,,,,,,,,
Lying rear delt fly,Strength,Shoulders,Intermediate,,,,,,,,,,,
Machine Shoulder (Military) Press,Strength,Shoulders,Intermediate,,,,,,,,,,,
Standing Barbell Press Behind Neck,Strength,Shoulders,Intermediate,,,,,,,,,,,
Barbell front raise,Strength,Shoulders,Intermediate,,,,,,,,,,,
Overhead bar front raise,Strength,Shoulders,Intermediate,,,,,,,,,,,
Incline barbell shoulder protraction,Strength,Shoulders,Intermediate,,,,,,,,,,,
Behind-the-head push-press,Olympic Weightlifting,Shoulders,Intermediate,,,,,,,,,,,
Rack Delivery,Olympic Weightlifting,Shoulders,Beginner,,,,,,,,,,,
Smith Incline Shoulder Raise,Strength,Shoulders,Beginner,,,,,,,,,,,
Tall Muscle Snatch,Olympic Weightlifting,Shoulders,Beginner,,,,,,,,,,,
Axle Clean And Press,Strongman,Shoulders,Beginner,,,,,,,,,,,
Jerk Balance,Olympic Weightlifting,Shoulders,Beginner,,,,,,,,,,,
Seated EZ-bar shrug,Strength,Shoulders,Intermediate,,,,,,,,,,,
Paul Carter Barbell Seated Military Press,Strength,Shoulders,Intermediate,,,,,,,,,,,
TBS Barbell Military Press,Strength,Shoulders,Intermediate,,,,,,,,,,,
Incline Front Barbell Raise - Gethin Variation,Strength,Shoulders,Intermediate,,,,,,,,,,,
Barbell Front Raise - Gethin Variation,Strength,Shoulders,Intermediate,,,,,,,,,,,
Single-arm barbell lateral raise,Strength,Shoulders,Intermediate,,,,,,,,,,,
AM Upright Row,Strength,Shoulders,Intermediate,,,,,,,,,,,
AM Barbell Shoulder Press,Strength,Shoulders,Intermediate,,,,,,,,,,,
Standing barbell shoulder press,Strength,Shoulders,Intermediate,,,,,,,,,,,
King Maker Barbell Thruster,Strength,Shoulders,Intermediate,,,,,,,,,,,
Single-arm incline cable cross-over,Strength,Shoulders,Intermediate,,,,,,,,,,,
Barbell bear complex,Strength,Shoulders,Intermediate,,,,,,,,,,,
30 Shoulders Barbell Shrug,Strength,Shoulders,Intermediate,,,,,,,,,,,
30 Shoulders Incline Face-Up Straight-Bar Front Raise,Strength,Shoulders,Intermediate,,,,,,,,,,,
30 Shoulders Seated Dumbbell Shoulder Press,Strength,Shoulders,Intermediate,,,,,,,,,,,
30 Shoulders Standing Behind-The-Head Shoulder Press,Strength,Shoulders,Intermediate,,,,,,,,,,,
30 Shoulders Standing Barbell Press,Strength,Shoulders,Intermediate,,,,,,,,,,,
FYR2 Wide Overhead Press,Strength,Shoulders,Intermediate,,,,,,,,,,,
Single-arm kettlebell push-press,Strength,Shoulders,Intermediate,,,,,,,,,,,
Two-Arm Kettlebell Military Press,Strength,Shoulders,Beginner,,,,,,,,,,,
Alternating Kettlebell Press,Strength,Shoulders,Beginner,,,,,,,,,,,
Single-arm kettlebell snatch,Strength,Shoulders,Intermediate,,,,,,,,,,,
Single-arm kettlebell clean and jerk,Strength,Shoulders,Intermediate,,,,,,,,,,,
Kettlebell pirate ship,Strength,Shoulders,Intermediate,,,,,,,,,,,
Two-Arm Kettlebell Clean,Strength,Shoulders,Beginner,,,,,,,,,,,
Double Kettlebell Push Press,Strength,Shoulders,Intermediate,,,,,,,,,,,
Kettlebell Seated Press,Strength,Shoulders,Beginner,,,,,,,,,,,
Double Kettlebell Jerk,Strength,Shoulders,Beginner,,,,,,,,,,,
Kettlebell Arnold Press,Strength,Shoulders,Beginner,,,,,,,,,,,
Double-kettlebell windmill,Strength,Shoulders,Intermediate,,,,,,,,,,,
One-Arm Kettlebell Split Snatch,Strength,Shoulders,Beginner,,,,,,,,,,,
One-Arm Kettlebell Para Press,Strength,Shoulders,Beginner,,,,,,,,,,,
One-Arm Kettlebell Split Jerk,Strength,Shoulders,Beginner,,,,,,,,,,,
One-Arm Kettlebell Military Press To The Side,Strength,Shoulders,Beginner,,,,,,,,,,,
One-Arm Kettlebell Jerk,Strength,Shoulders,Beginner,,,,,,,,,,,
Double Kettlebell Snatch,Strength,Shoulders,Beginner,,,,,,,,,,,
Two-Arm Kettlebell Jerk,Strength,Shoulders,Beginner,,,,,,,,,,,
FYR Kettlebell Power Clean,Strength,Shoulders,Intermediate,,,,,,,,,,,
Kettlebell upright row,Strength,Shoulders,Intermediate,,,,,,,,,,,
Kettlebell upright row and press,Strength,Shoulders,Intermediate,,,,,,,,,,,
Single-arm kettlebell thruster,Strength,Shoulders,Intermediate,,,,,,,,,,,
Double-kettlebell shoulder press,Strength,Shoulders,Intermediate,,,,,,,,,,,
Double-kettlebell push-press,Strength,Shoulders,Intermediate,,,,,,,,,,,
HM Kettlebell Windmill,Strength,Shoulders,Intermediate,,,,,,,,,,,
HM Kettlebell Z-Press,Strength,Shoulders,Intermediate,,,,,,,,,,,
Taylor Half-Kneeling Kettlebell Halo,Strength,Shoulders,Intermediate,,,,,,,,,,,
Taylor Towel Kettlebell Farmer's Walk,Strength,Shoulders,Intermediate,,,,,,,,,,,
FYR2 Double-Kettlebell Alternating Press,Strength,Shoulders,Intermediate,,,,,,,,,,,
FYR2 Double-Kettlebell Thruster,Strength,Shoulders,Intermediate,,,,,,,,,,,
FYR2 Half-Kneeling Kettlebell Clean,Strength,Shoulders,Intermediate,,,,,,,,,,,
FYR2 Kettlebell Clean and Press,Strength,Shoulders,Intermediate,,,,,,,,,,,
FYR2 Kettlebell High Pull to Overhead Press,Strength,Shoulders,Intermediate,,,,,,,,,,,
FYR2 Kettlebell Swing Clean and Press,Strength,Shoulders,Intermediate,,,,,,,,,,,
FYR2 Single-Arm Kettlebell Press,Strength,Shoulders,Intermediate,,,,,,,,,,,
FYR2 Ascending-Rep High-Pull-Press Complex,Strength,Shoulders,Intermediate,,,,,,,,,,,
Dumbbell front raise to lateral raise,Strength,Shoulders,Intermediate,,,,,,,,,,,
Single-arm palm-in dumbbell shoulder press,Strength,Shoulders,Intermediate,,,,,,,,,,,
Standing palms-in shoulder press,Strength,Shoulders,Intermediate,,,,,,,,,,,
Seated Dumbbell Press,Strength,Shoulders,Intermediate,,,,,,,,,,,
Standing dumbbell shoulder press,Strength,Shoulders,Intermediate,,,,,,,,,,,
Single-arm lateral raise,Strength,Shoulders,Intermediate,,,,,,,,,,,
Power Partials,Strength,Shoulders,Beginner,,,,,,,,,,,
Incline dumbbell reverse fly,Strength,Shoulders,Intermediate,,,,,,,,,,,
Overhead dumbbell front raise,Strength,Shoulders,Intermediate,,,,,,,,,,,
Seated dumbbell shoulder press,Strength,Shoulders,Intermediate,,,,,,,,,,,
Alternating standing shoulder press,Strength,Shoulders,Intermediate,,,,,,,,,,,
Single-arm incline rear delt raise,Strength,Shoulders,Intermediate,,,,,,,,,,,
Alternating dumbbell front raise,Strength,Shoulders,Intermediate,,,,,,,,,,,
Alternating Deltoid Raise,Strength,Shoulders,Intermediate,,,,,,,,,,,
Single-dumbbell front raise,Strength,Shoulders,Intermediate,,,,,,,,,,,
Arnold press,Strength,Shoulders,Intermediate,,,,,,,,,,,
Single-arm standing shoulder press,Strength,Shoulders,Intermediate,,,,,,,,,,,
Dumbbell front raise,Strength,Shoulders,Intermediate,,,,,,,,,,,
Bent-over dumbbell rear delt row,Strength,Shoulders,Intermediate,,,,,,,,,,,
Incline dumbbell front raise,Strength,Shoulders,Intermediate,,,,,,,,,,,
Side Lateral Raise,Strength,Shoulders,Intermediate,,,,,,,,,,,
Dumbbell external shoulder rotation,Strength,Shoulders,Intermediate,,,,,,,,,,,
Single-arm incline lateral raise,Strength,Shoulders,Intermediate,,,,,,,,,,,
Seated rear delt fly,Strength,Shoulders,Intermediate,,,,,,,,,,,
Dumbbell Raise,Strength,Shoulders,Beginner,,,,,,,,,,,
Seated Side Lateral Raise,Strength,Shoulders,Intermediate,,,,,,,,,,,
Dumbbell Lying Rear Lateral Raise,Strength,Shoulders,Intermediate,,,,,,,,,,,
Head-on-bench dumbbell rear delt raise,Strength,Shoulders,Intermediate,,,,,,,,,,,
Cuban press,Strength,Shoulders,Intermediate,,,,,,,,,,,
Reverse Flyes With External Rotation,Strength,Shoulders,Beginner,,,,,,,,,,,
Single-arm side lying rear fly,Strength,Shoulders,Intermediate,,,,,,,,,,,
Single-arm dumbbell upright row,Strength,Shoulders,Intermediate,,,,,,,,,,,
Dumbbell Scaption,Strength,Shoulders,Beginner,,,,,,,,,,,
See-Saw Press (Alternating Side Press),Strength,Shoulders,Beginner,,,,,,,,,,,
Dumbbell Incline Shoulder Raise,Strength,Shoulders,Beginner,,,,,,,,,,,
Single-arm half-kneeling shoulder press,Strength,Shoulders,Intermediate,,,,,,,,,,,
Dumbbell Clean And Jerk,Strength,Shoulders,Beginner,,,,,,,,,,,
Dumbbell shoulder press with body rotation,Strength,Shoulders,Intermediate,,,,,,,,,,,
Dumbbell Fix Dumbbell Military Press,Strength,Shoulders,Intermediate,,,,,,,,,,,
Dumbbell Fix Standing Dumbbell Arnold Press,Strength,Shoulders,Intermediate,,,,,,,,,,,
Dumbbell Fix Dumbbell Single-Arm Snatch,Strength,Shoulders,Intermediate,,,,,,,,,,,
Paul Carter Rear-Delt Fly,Strength,Shoulders,Intermediate,,,,,,,,,,,
FYR Dumbbell Shoulder Press,Strength,Shoulders,Intermediate,,,,,,,,,,,
FYR Single-Arm Dumbbell Press,Strength,Shoulders,Intermediate,,,,,,,,,,,
FYR Dumbbell Tempo L-Raise,Strength,Shoulders,Intermediate,,,,,,,,,,,
Dumbbell seesaw shoulder press,Strength,Shoulders,Intermediate,,,,,,,,,,,
FYR Dumbbell front raise to lateral raise,Strength,Shoulders,Intermediate,,,,,,,,,,,
FYR Dumbbell Arnold Press,Strength,Shoulders,Intermediate,,,,,,,,,,,
FYR Dumbbell Military Press to Dumbbell High Pull to V-up,Strength,Shoulders,Intermediate,,,,,,,,,,,
FYR Dumbbell Thruster,Strength,Shoulders,Intermediate,,,,,,,,,,,
Dumbbell hang snatch,Strength,Shoulders,Intermediate,,,,,,,,,,,
Surfer sprawl,Strength,Shoulders,Intermediate,,,,,,,,,,,
Dumbbell clean and press,Strength,Shoulders,Intermediate,,,,,,,,,,,
Standing One-Arm Shoulder Press - Gethin Variation,Strength,Shoulders,Intermediate,,,,,,,,,,,
Incline Front Dumbbell Raise - Gethin Variation,Strength,Shoulders,Intermediate,,,,,,,,,,,
Dumbbell lateral raise,Strength,Shoulders,Intermediate,,,,,,,,,,,
Incline Rear-Delt Fly - Gethin Variation,Strength,Shoulders,Intermediate,,,,,,,,,,,
Incline Bench Rear Dumbbell Fly - Gethin Variation,Strength,Shoulders,Intermediate,,,,,,,,,,,
Dumbbell front raise and press,Strength,Shoulders,Intermediate,,,,,,,,,,,
Rotator cuff warm-up,Strength,Shoulders,Intermediate,,,,,,,,,,,
Seated Lateral Raise - Gethin Variation,Strength,Shoulders,Intermediate,,,,,,,,,,,
Single-arm dumbbell arc row,Strength,Shoulders,Intermediate,,,,,,,,,,,
Incline Rear Delt Raises - Gethin Variation,Strength,Shoulders,Intermediate,,,,,,,,,,,
Incline Dumbbell Y Raise,Strength,Shoulders,Intermediate,,,,,,,,,,,
HM Bent-Over Rear-Delt Fly,Strength,Shoulders,Intermediate,,,,,,,,,,,
HM Dumbbell Shoulder Press,Strength,Shoulders,Intermediate,,,,,,,,,,,
HM Single-Leg Overhead Dumbbell Press,Strength,Shoulders,Intermediate,,,,,,,,,,,
6 Way Shoulder Raise,Strength,Shoulders,Intermediate,,,,,,,,,,,
Seated dumbbell lateral raise,Strength,Shoulders,Intermediate,,,,,,,,,,,
AM Dumbbell Shoulder Press,Strength,Shoulders,Intermediate,,,,,,,,,,,
AM Dumbbell Side Raise,Strength,Shoulders,Intermediate,,,,,,,,,,,
AM Front Raise,Strength,Shoulders,Intermediate,,,,,,,,,,,
UP Dumbbell Lateral Raise,Strength,Shoulders,Intermediate,,,,,,,,,,,
UP Seated Dumbbell Overhead Press,Strength,Shoulders,Intermediate,,,,,,,,,,,
AA Incline Bench Dumbbell Reverse Fly,Strength,Shoulders,Intermediate,,,,,,,,,,,
CM Forward Shoulder Press,Strength,Shoulders,Intermediate,,,,,,,,,,,
Dumbbell Halo,Strength,Shoulders,Intermediate,,,,,,,,,,,
Standing Dumbbell Scap Raise,Strength,Shoulders,Intermediate,,,,,,,,,,,
Holman Overhead Press,Strength,Shoulders,Intermediate,,,,,,,,,,,
Holman Slow Weighted Half Jack to Overhead Press,Strength,Shoulders,Intermediate,,,,,,,,,,,
Holman Slow Arnold Press,Strength,Shoulders,Intermediate,,,,,,,,,,,
Holman Boat Arnold Press with Feet Push-Out,Strength,Shoulders,Intermediate,,,,,,,,,,,
Holman Dumbbell Hip Drive to Overhead Press,Strength,Shoulders,Intermediate,,,,,,,,,,,
Holman Squat Thrust to Alternating Renegade Triceps Press,Strength,Shoulders,Intermediate,,,,,,,,,,,
Holman Cheer Press,Strength,Shoulders,Intermediate,,,,,,,,,,,
Holman Left Arm Press with Right Arm Hold,Strength,Shoulders,Intermediate,,,,,,,,,,,
Holman Right Arm Press with Left Arm Hold,Strength,Shoulders,Intermediate,,,,,,,,,,,
Holman Left Front Raise with Right Hold,Strength,Shoulders,Intermediate,,,,,,,,,,,
Holman Right Front Raise with Left Hold,Strength,Shoulders,Intermediate,,,,,,,,,,,
Holman Alternating Front Raise to Side Raise,Strength,Shoulders,Intermediate,,,,,,,,,,,
Holman Heavy Right Arm Overhead Press,Strength,Shoulders,Intermediate,,,,,,,,,,,
Holman Heavy Left Arm Overhead Press,Strength,Shoulders,Intermediate,,,,,,,,,,,
Holman Right Arm Heavy Overhead Press,Strength,Shoulders,Intermediate,,,,,,,,,,,
Holman Right Diagonal Lunge to Overhead Press,Strength,Shoulders,Intermediate,,,,,,,,,,,
Holman Left Arm Heavy Overhead Press,Strength,Shoulders,Intermediate,,,,,,,,,,,
Holman Weighted Palms-In Overhead Press,Strength,Shoulders,Intermediate,,,,,,,,,,,
Dumbbell racked carry,Strength,Shoulders,Intermediate,,,,,,,,,,,
Dumbbell clean and push-press,Strength,Shoulders,Intermediate,,,,,,,,,,,
Total Fitness Dumbbell Farmer's Carry,Strength,Shoulders,Intermediate,,,,,,,,,,,
Single-arm dumbbell racked carry,Strength,Shoulders,Intermediate,,,,,,,,,,,
Jordan Shallow Dumbbell Pull-Over,Strength,Shoulders,Intermediate,,,,,,,,,,,
King Maker Dumbbell Lateral Raise,Strength,Shoulders,Intermediate,,,,,,,,,,,
Dumbbell shadow boxing,Strength,Shoulders,Intermediate,,,,,,,,,,,
King Maker Dumbbell Farmer's Carry,Strength,Shoulders,Intermediate,,,,,,,,,,,
King Maker Dumbbell Shrug,Strength,Shoulders,Intermediate,,,,,,,,,,,
30 Shoulders Alternating Dumbbell Front Raise,Strength,Shoulders,Intermediate,,,,,,,,,,,
30 Shoulders Bent-Over Dumbbell Reverse Fly,Strength,Shoulders,Intermediate,,,,,,,,,,,
30 Shoulders Dumbbell Front Raise,Strength,Shoulders,Intermediate,,,,,,,,,,,
30 Shoulders Dumbbell Lateral Raise,Strength,Shoulders,Intermediate,,,,,,,,,,,
30 Shoulders Dumbbell Shrug,Strength,Shoulders,Intermediate,,,,,,,,,,,
30 Shoulders Incline Face-Down Dumbbell Reverse Fly,Strength,Shoulders,Intermediate,,,,,,,,,,,
30 Shoulders Seated Dumbbell Front Raise,Strength,Shoulders,Intermediate,,,,,,,,,,,
30 Shoulders Seated Dumbbell Side Raise,Strength,Shoulders,Intermediate,,,,,,,,,,,
30 Shoulders Neutral-Grip Arnold Press,Strength,Shoulders,Intermediate,,,,,,,,,,,
30 Shoulders Standing Dumbbell Upright Row,Strength,Shoulders,Intermediate,,,,,,,,,,,
MetaBurn 3-Way Shoulder Raise,Strength,Shoulders,Intermediate,,,,,,,,,,,
MetaBurn Dumbbell Overhead Press,Strength,Shoulders,Intermediate,,,,,,,,,,,
MetaBurn Single-Leg Arnold Press,Strength,Shoulders,Intermediate,,,,,,,,,,,
RG Forward-Leaning Dumbbell Upright Row,Strength,Shoulders,Intermediate,,,,,,,,,,,
RG Alternating Seated Dumbbell Lateral Raise,Strength,Shoulders,Intermediate,,,,,,,,,,,
RG Seated Dumbbell Shoulder Press,Strength,Shoulders,Intermediate,,,,,,,,,,,
FYR2 Dumbbell Clean and Jerk,Strength,Shoulders,Intermediate,,,,,,,,,,,
FYR2 Dumbbell Cross-Body Front Raise,Strength,Shoulders,Intermediate,,,,,,,,,,,
FYR2 Dumbbell Front Raise,Strength,Shoulders,Intermediate,,,,,,,,,,,
FYR2 Dumbbell Lateral Raise,Strength,Shoulders,Intermediate,,,,,,,,,,,
FYR2 Lateral Raise Hold,Strength,Shoulders,Intermediate,,,,,,,,,,,
FYR2 Seesaw Dumbbell Military Press,Strength,Shoulders,Intermediate,,,,,,,,,,,
FYR2 Single-Dumbbell Halo,Strength,Shoulders,Intermediate,,,,,,,,,,,
FYR2 Single-Dumbbell Overhead Press,Strength,Shoulders,Intermediate,,,,,,,,,,,
Car driver,Strength,Shoulders,Intermediate,,,,,,,,,,,
Arnold press,Strength,Shoulders,Intermediate,,,,,,,,,,,
Front Plate Raise,Strength,Shoulders,Intermediate,,,,,,,,,,,
Battle ropes,Strength,Shoulders,Intermediate,,,,,,,,,,,
Seated rear delt fly,Strength,Shoulders,Intermediate,,,,,,,,,,,
Circus Bell,Strongman,Shoulders,Beginner,,,,,,,,,,,
Landmine Linear Jammer,Strength,Shoulders,Intermediate,,,,,,,,,,,
Crucifix,Strongman,Shoulders,Beginner,,,,,,,,,,,
Bar shoulder extension stretch,Stretching,Shoulders,Beginner,,,,,,,,,,,
Chair Upper Body Stretch,Stretching,Shoulders,Beginner,,,,,,,,,,,
Sled Reverse Flye,Strength,Shoulders,Intermediate,,,,,,,,,,,
Plate shoulder circle big to small,Strength,Shoulders,Intermediate,,,,,,,,,,,
Sled Overhead Backward Walk,Strength,Shoulders,Beginner,,,,,,,,,,,
Log Lift,Strongman,Shoulders,Beginner,,,,,,,,,,,
Standing suspended rear delt fly,Strength,Shoulders,Intermediate,,,,,,,,,,,
Waiter's carry,Strength,Shoulders,Intermediate,,,,,,,,,,,
Towel dumbbell front raise,Strength,Shoulders,Intermediate,,,,,,,,,,,
Reach-roll-lift combo,Stretching,Shoulders,Intermediate,,,,,,,,,,,
Upright Row - Gethin Variation,Strength,Shoulders,Intermediate,,,,,,,,,,,
Squat Press Shoulder Press - Gethin Variation,Strength,Shoulders,Intermediate,,,,,,,,,,,
Plate lateral raise,Strength,Shoulders,Intermediate,,,,,,,,,,,
Standing Military Press - Gethin Variation,Strength,Shoulders,Intermediate,,,,,,,,,,,
Bent-over plate rear delt raise,Strength,Shoulders,Intermediate,,,,,,,,,,,
Single-arm landmine press,Strength,Shoulders,Intermediate,,,,,,,,,,,
Plate front raise,Strength,Shoulders,Intermediate,,,,,,,,,,,
Holman Slow Overhead Press,Strength,Shoulders,Intermediate,,,,,,,,,,,
30 Shoulders Plate Front Raise,Strength,Shoulders,Intermediate,,,,,,,,,,,
Single-arm landmine push-press,Strength,Shoulders,Intermediate,,,,,,,,,,,
Single-arm cable front raise,Strength,Shoulders,Intermediate,,,,,,,,,,,
Cable Internal Rotation,Strength,Shoulders,Beginner,,,,,,,,,,,
Seated face pull,Strength,Shoulders,Intermediate,,,,,,,,,,,
Single-arm bent-over cable rear delt fly,Strength,Shoulders,Intermediate,,,,,,,,,,,
Seated cable shoulder press,Strength,Shoulders,Intermediate,,,,,,,,,,,
Standing face pull,Strength,Shoulders,Intermediate,,,,,,,,,,,
Standing cable rear delt row,Strength,Shoulders,Intermediate,,,,,,,,,,,
Standing Low-Pulley Deltoid Raise,Strength,Shoulders,Intermediate,,,,,,,,,,,
Standing crossed-cable rear delt fly,Strength,Shoulders,Intermediate,,,,,,,,,,,
Cable Shoulder Press,Strength,Shoulders,Beginner,,,,,,,,,,,
Alternating Cable Shoulder Press,Strength,Shoulders,Beginner,,,,,,,,,,,
Cable Seated Lateral Raise,Strength,Shoulders,Intermediate,,,,,,,,,,,
Single-arm lying cable front raise,Strength,Shoulders,Intermediate,,,,,,,,,,,
Lying cable front raise,Strength,Shoulders,Intermediate,,,,,,,,,,,
Cable Rear Delt Fly - Gethin Variation,Strength,Shoulders,Intermediate,,,,,,,,,,,
One-Arm Cable Side Raise - Gethin Variation,Strength,Shoulders,Intermediate,,,,,,,,,,,
Rope Face Pull - Gethin Variation,Strength,Shoulders,Intermediate,,,,,,,,,,,
Lying cable lateral raise,Strength,Shoulders,Intermediate,,,,,,,,,,,
Cable seated row,Strength,Shoulders,Intermediate,,,,,,,,,,,
Single-arm cable lateral raise,Strength,Shoulders,Intermediate,,,,,,,,,,,
UP Cable Face Pull,Strength,Shoulders,Intermediate,,,,,,,,,,,
AA Cable Leaning Side Raise,Strength,Shoulders,Intermediate,,,,,,,,,,,
30 Shoulders Bent-Over Low Cable Reverse Fly,Strength,Shoulders,Intermediate,,,,,,,,,,,
30 Shoulders Cable Rope Face Pull,Strength,Shoulders,Intermediate,,,,,,,,,,,
30 Shoulders Cable Straight-Bar Front Raise,Strength,Shoulders,Intermediate,,,,,,,,,,,
30 Shoulders Cable Straight-Bar Upright Row,Strength,Shoulders,Intermediate,,,,,,,,,,,
30 Shoulders High Cable Reverse Fly,Strength,Shoulders,Intermediate,,,,,,,,,,,
30 Shoulders Single-Arm Bent-Over Cable Reverse Fly,Strength,Shoulders,Intermediate,,,,,,,,,,,
30 Shoulders Single-Arm Cable Front Raise,Strength,Shoulders,Intermediate,,,,,,,,,,,
30 Shoulders Single-Arm Leaning Cable Lateral Raise,Strength,Shoulders,Intermediate,,,,,,,,,,,
RG 3-Way Single-Arm Rear Delt Cable Fly,Strength,Shoulders,Intermediate,,,,,,,,,,,
RG Single-Arm Cross-Body Cable Front Raise,Strength,Shoulders,Intermediate,,,,,,,,,,,
Smith machine shoulder press,Strength,Shoulders,Intermediate,,,,,,,,,,,
Machine shoulder press,Strength,Shoulders,Intermediate,,,,,,,,,,,
Reverse Machine Flyes,Strength,Shoulders,Intermediate,,,,,,,,,,,
Single-arm Smith machine upright row,Strength,Shoulders,Intermediate,,,,,,,,,,,
Machine Lateral Raise,Strength,Shoulders,Intermediate,,,,,,,,,,,
Smith machine behind-the-neck press,Strength,Shoulders,Intermediate,,,,,,,,,,,
Smith Machine Behind-The-Neck Press - Gethin Variation,Strength,Shoulders,Intermediate,,,,,,,,,,,
30 Shoulders Leg Press Shoulder Press,Strength,Shoulders,Intermediate,,,,,,,,,,,
30 Shoulders Machine Shoulder Press,Strength,Shoulders,Intermediate,,,,,,,,,,,
30 Shoulders Pec-Deck Reverse Fly,Strength,Shoulders,Intermediate,,,,,,,,,,,
30 Shoulders Smith Machine Behind-The-Head Press,Strength,Shoulders,Intermediate,,,,,,,,,,,
30 Shoulders Smith Machine Shoulder Press,Strength,Shoulders,Intermediate,,,,,,,,,,,
Handstand push-up,Strength,Shoulders,Intermediate,,,,,,,,,,,
Upward Stretch,Stretching,Shoulders,Intermediate,,,,,,,,,,,
Shoulder Circles,Stretching,Shoulders,Intermediate,,,,,,,,,,,
Cross-body shoulder stretch,Stretching,Shoulders,Intermediate,,,,,,,,,,,
Arm circle,Stretching,Shoulders,Intermediate,,,,,,,,,,,
Seated Front Deltoid,Stretching,Shoulders,Beginner,,,,,,,,,,,
Shoulder Raise,Stretching,Shoulders,Intermediate,,,,,,,,,,,
Hand Stand Push-Up,Strength,Shoulders,Intermediate,,,,,,,,,,,
Wall walk,Strength,Shoulders,Intermediate,,,,,,,,,,,
Return Push from Stance,Plyometrics,Shoulders,Intermediate,,,,,,,,,,,
Wall shoulder tap,Strength,Shoulders,Intermediate,,,,,,,,,,,
Bear crawl shoulder tap,Strength,Shoulders,Intermediate,,,,,,,,,,,
Shadow boxing,Cardio,Shoulders,Intermediate,,,,,,,,,,,
Bear crawl fire feet,Cardio,Shoulders,Intermediate,,,,,,,,,,,
Wall sprawl,Plyometrics,Shoulders,Intermediate,,,,,,,,,,,
Bent Over Shoulder Y,Stretching,Shoulders,Intermediate,,,,,,,,,,,
Shoulder L,Strength,Shoulders,Intermediate,,,,,,,,,,,
Shoulder Dislocation Stretch-Dowel,Stretching,Shoulders,Intermediate,,,,,,,,,,,
TBS Inverted Row,Strength,Shoulders,Intermediate,,,,,,,,,,,
PVC Shoulder Stretch,Stretching,Shoulders,Intermediate,,,,,,,,,,,
Shoulder T,Stretching,Shoulders,Intermediate,,,,,,,,,,,
HM Arm Circle,Strength,Shoulders,Intermediate,,,,,,,,,,,
HM Shoulder Stretch,Stretching,Shoulders,Intermediate,,,,,,,,,,,
HM Shoulder Stretch on Floor,Stretching,Shoulders,Intermediate,,,,,,,,,,,
HM Shoulder Tap,Stretching,Shoulders,Intermediate,,,,,,,,,,,
HM Hand-On-Wall Stretch,Strength,Shoulders,Intermediate,,,,,,,,,,,
HM Jumping Arm Circle,Strength,Shoulders,Intermediate,,,,,,,,,,,
Kipping Clapping Pull-Up,Strength,Shoulders,Intermediate,,,,,,,,,,,
Holman Kneeling Overhead Press to Donkey Kick,Strength,Shoulders,Intermediate,,,,,,,,,,,
Floor angel,Strength,Shoulders,Intermediate,,,,,,,,,,,
Shoulder extension stretch,Strength,Shoulders,Intermediate,,,,,,,,,,,
Backward Medicine Ball Throw,Plyometrics,Shoulders,Beginner,,,,,,,,,,,
Medicine ball scoop throw,Plyometrics,Shoulders,Intermediate,,,,,,,,,,,
Standing Two-Arm Overhead Throw,Plyometrics,Shoulders,Beginner,,,,,,,,,,,
Incline face-down bar front raise,Strength,Shoulders,Intermediate,,,,,,,,,,,
Incline anti-gravity shoulder press,Strength,Shoulders,Intermediate,,,,,,,,,,,
30 Shoulders EZ-Bar Front Raise,Strength,Shoulders,Intermediate,,,,,,,,,,,
Side Wrist Pull,Stretching,Shoulders,Beginner,,,,,,,,,,,
Elbow Circles,Stretching,Shoulders,Beginner,,,,,,,,,,,
Kneeling Arm Drill,Plyometrics,Shoulders,Beginner,,,,,,,,,,,
Bent-over shoulder rotation,Strength,Shoulders,Intermediate,,,,,,,,,,,
Band overhead triceps press,Strength,Triceps,Intermediate,,,,,,,,,,,
Band overhead triceps extension,Strength,Triceps,Intermediate,,,,,,,,,,,
Band straight-arm pull-down,Strength,Triceps,Intermediate,,,,,,,,,,,
Band skullcrusher,Strength,Triceps,Intermediate,,,,,,,,,,,
Single-arm band kick-back,Strength,Triceps,Intermediate,,,,,,,,,,,
Incline EZ-bar skullcrusher,Strength,Triceps,Intermediate,,,,,,,,,,,
Decline Close-Grip Bench To Skull Crusher,Strength,Triceps,Beginner,,,,,,,,,,,
Bench Press - Powerlifting,Powerlifting,Triceps,Intermediate,,,,,,,,,,,
Behind-the-head skullcrusher,Strength,Triceps,Intermediate,,,,,,,,,,,
Standing barbell overhead triceps extension,Strength,Triceps,Intermediate,,,,,,,,,,,
Reverse-grip bench press,Strength,Triceps,Intermediate,,,,,,,,,,,
Bench Press with Chains,Powerlifting,Triceps,Beginner,,,,,,,,,,,
Floor Press,Powerlifting,Triceps,Beginner,,,,,,,,,,,
One Arm Floor Press,Strength,Triceps,Beginner,,,,,,,,,,,
Pin Presses,Powerlifting,Triceps,Beginner,,,,,,,,,,,
JM Press With Bands,Strength,Triceps,Beginner,,,,,,,,,,,
JM Press,Strength,Triceps,Beginner,,,,,,,,,,,
Floor Press with Chains,Powerlifting,Triceps,Beginner,,,,,,,,,,,
Reverse Band Bench Press,Powerlifting,Triceps,Beginner,,,,,,,,,,,
Decline Barbell Triceps Extension - Gethin Variation,Strength,Triceps,Intermediate,,,,,,,,,,,
AM Skullcrusher,Strength,Triceps,Intermediate,,,,,,,,,,,
30 Arms Close-Grip Bench Press,Strength,Triceps,Intermediate,,,,,,,,,,,
30 Arms Barbell Skullcrusher,Strength,Triceps,Intermediate,,,,,,,,,,,
FYR2 Sprawl Over Kettlebell,Strength,Triceps,Intermediate,,,,,,,,,,,
Dumbbell floor press,Powerlifting,Triceps,Intermediate,,,,,,,,,,,
Seated triceps press,Strength,Triceps,Intermediate,,,,,,,,,,,
Tricep Dumbbell Kickback,Strength,Triceps,Intermediate,,,,,,,,,,,
Standing Dumbbell Triceps Extension,Strength,Triceps,Intermediate,,,,,,,,,,,
Double-arm triceps kick-back,Strength,Triceps,Intermediate,,,,,,,,,,,
Single-arm dumbbell triceps extension,Strength,Triceps,Intermediate,,,,,,,,,,,
Decline Dumbbell Triceps Extension,Strength,Triceps,Beginner,,,,,,,,,,,
Dumbbell skullcrusher,Strength,Triceps,Intermediate,,,,,,,,,,,
One Arm Pronated Dumbbell Triceps Extension,Strength,Triceps,Beginner,,,,,,,,,,,
One Arm Supinated Dumbbell Triceps Extension,Strength,Triceps,Beginner,,,,,,,,,,,
Seated Bent-Over Two-Arm Dumbbell Triceps Extension,Strength,Triceps,Beginner,,,,,,,,,,,
Tate Press,Strength,Triceps,Beginner,,,,,,,,,,,
Standing Bent-Over One-Arm Dumbbell Triceps Extension,Strength,Triceps,Intermediate,,,,,,,,,,,
Seated Bent-Over One-Arm Dumbbell Triceps Extension,Strength,Triceps,Beginner,,,,,,,,,,,
Dumbbell Tricep Extension -Pronated Grip,Strength,Triceps,Beginner,,,,,,,,,,,
V-sit with overhead triceps extension,Strength,Triceps,Intermediate,,,,,,,,,,,
PJR Pull-Over,Strength,Triceps,Intermediate,,,,,,,,,,,
Paul Carter Dumbbell Kick-Back,Strength,Triceps,Intermediate,,,,,,,,,,,
Single-arm dumbbell skullcrusher,Strength,Triceps,Intermediate,,,,,,,,,,,
Dumbbells-together incline bench press,Strength,Triceps,Intermediate,,,,,,,,,,,
Incline dumbbell overhead triceps extension,Strength,Triceps,Intermediate,,,,,,,,,,,
Dumbbell Crush Press,Strength,Triceps,Intermediate,,,,,,,,,,,
Holman Hovering Renegade Triceps Press,Strength,Triceps,Intermediate,,,,,,,,,,,
Holman Heavy Triceps Press to Overhead Press,Strength,Triceps,Intermediate,,,,,,,,,,,
Total Fitness Close-Grip Dumbbell Press,Strength,Triceps,Intermediate,,,,,,,,,,,
Dumbbell row to triceps kick-back,Strength,Triceps,Intermediate,,,,,,,,,,,
Rolling triceps press,Strength,Triceps,Intermediate,,,,,,,,,,,
MetaBurn Skullcrusher to Ab Crunch,Strength,Triceps,Intermediate,,,,,,,,,,,
FYR2 Single-Dumbbell Triceps Extension,Strength,Triceps,Intermediate,,,,,,,,,,,
30 Arms Overhead Dumbbell Triceps Extension,Strength,Triceps,Intermediate,,,,,,,,,,,
30 Arms Dumbbell Skullcrusher,Strength,Triceps,Intermediate,,,,,,,,,,,
30 Arms Dumbbell Kick-Back,Strength,Triceps,Intermediate,,,,,,,,,,,
30 Arms BFR Dumbbell Kick-Back,Strength,Triceps,Intermediate,,,,,,,,,,,
Dumbbell saw triceps skullcrusher,Strength,Triceps,Intermediate,,,,,,,,,,,
Chain Handle Extension,Powerlifting,Triceps,Beginner,,,,,,,,,,,
Sled Overhead Triceps Extension,Strength,Triceps,Beginner,,,,,,,,,,,
Body Triceps Press Using Flat Bench,Strength,Triceps,Intermediate,,,,,,,,,,,
Suspended Triceps Press,Strength,Triceps,Beginner,,,,,,,,,,,
Seated triceps push-down,Strength,Triceps,Intermediate,,,,,,,,,,,
Machine triceps extension-,Strength,Triceps,Intermediate,,,,,,,,,,,
Holman Overhead Weighted Triceps Press,Strength,Triceps,Intermediate,,,,,,,,,,,
30 Arms Weighted Triceps Dip,Strength,Triceps,Intermediate,,,,,,,,,,,
Cable V-bar push-down,Strength,Triceps,Intermediate,,,,,,,,,,,
Reverse Grip Triceps Pushdown,Strength,Triceps,Intermediate,,,,,,,,,,,
Kneeling cable triceps extension,Strength,Triceps,Intermediate,,,,,,,,,,,
Single-arm cable triceps extension,Strength,Triceps,Intermediate,,,,,,,,,,,
Dip Machine,Strength,Triceps,Intermediate,,,,,,,,,,,
Triceps Pushdown,Strength,Triceps,Intermediate,,,,,,,,,,,
Low cable overhead triceps extension,Strength,Triceps,Intermediate,,,,,,,,,,,
Lying cable triceps extension,Strength,Triceps,Intermediate,,,,,,,,,,,
Low Cable Triceps Extension,Strength,Triceps,Beginner,,,,,,,,,,,
Cable overhead triceps extension,Strength,Triceps,Intermediate,,,,,,,,,,,
Single-arm low cable triceps extension,Strength,Triceps,Intermediate,,,,,,,,,,,
Incline cable straight-bar triceps extension,Strength,Triceps,Intermediate,,,,,,,,,,,
Paul Carter Overhead Rope Triceps Extension,Strength,Triceps,Intermediate,,,,,,,,,,,
TBS Rope Cable Push-Down,Strength,Triceps,Intermediate,,,,,,,,,,,
Single-arm cable triceps kick-back,Strength,Triceps,Intermediate,,,,,,,,,,,
Incline cable rope triceps extension,Strength,Triceps,Intermediate,,,,,,,,,,,
Reverse-grip cable straight-bar push-down,Strength,Triceps,Intermediate,,,,,,,,,,,
Kneeling Cable Triceps Extension - Gethin Variation,Strength,Triceps,Intermediate,,,,,,,,,,,
Cable Overhead Triceps Extension - Gethin Variation,Strength,Triceps,Intermediate,,,,,,,,,,,
Reverse-Grip Cable Triceps Pushdown - Gethin Variation,Strength,Triceps,Intermediate,,,,,,,,,,,
Cable Triceps Extension - Gethin Variation,Strength,Triceps,Intermediate,,,,,,,,,,,
Single-arm incline triceps extension,Strength,Triceps,Intermediate,,,,,,,,,,,
Triceps Overhead Extension with Rope - Gethin Variation,Strength,Triceps,Intermediate,,,,,,,,,,,
Cable rope push-down,Strength,Triceps,Intermediate,,,,,,,,,,,
Cable straight-bar push-down,Strength,Triceps,Intermediate,,,,,,,,,,,
Straight-arm bar pull-down,Strength,Triceps,Intermediate,,,,,,,,,,,
AM Rope Triceps Pushdown,Strength,Triceps,Intermediate,,,,,,,,,,,
AM Bar Triceps Push-Down,Strength,Triceps,Intermediate,,,,,,,,,,,
Rope overhead triceps extension,Strength,Triceps,Intermediate,,,,,,,,,,,
UP Rope Push-down,Strength,Triceps,Intermediate,,,,,,,,,,,
UP Triceps Extension Straight-Bar Push-Down,Strength,Triceps,Intermediate,,,,,,,,,,,
LD Cable One-Arm Upright Row,Strength,Triceps,Intermediate,,,,,,,,,,,
30 Arms Underhand Cable Straight-Bar Push-Down,Strength,Triceps,Intermediate,,,,,,,,,,,
30 Arms Single-Arm Reverse-Grip Cable Push-Down,Strength,Triceps,Intermediate,,,,,,,,,,,
30 Arms Cable V-Bar Push-Down,Strength,Triceps,Intermediate,,,,,,,,,,,
30 Arms Cable Straight-Bar Push-Down,Strength,Triceps,Intermediate,,,,,,,,,,,
30 Arms Cable Rope Push-Down,Strength,Triceps,Intermediate,,,,,,,,,,,
30 Arms Cable Rope Overhead Triceps Extension,Strength,Triceps,Intermediate,,,,,,,,,,,
BFR underhand straight-bar push-down,Strength,Triceps,Intermediate,,,,,,,,,,,
BFR overhand straight-bar push-down,Strength,Triceps,Intermediate,,,,,,,,,,,
BFR cable rope push-down,Strength,Triceps,Intermediate,,,,,,,,,,,
Triceps Pressdown,Strength,Triceps,Intermediate,,,,,,,,,,,
Machine Triceps Extension,Strength,Triceps,Intermediate,,,,,,,,,,,
Smith machine end-grip shoulder press,Strength,Triceps,Intermediate,,,,,,,,,,,
Assist machine triceps push-down,Strength,Triceps,Intermediate,,,,,,,,,,,
Smith machine close-grip bench press-,Strength,Triceps,Intermediate,,,,,,,,,,,
Machine Triceps Extension - Gethin Variation,Strength,Triceps,Intermediate,,,,,,,,,,,
Overhead Machine Triceps Extension - Gethin Variation,Strength,Triceps,Intermediate,,,,,,,,,,,
30 Arms Machine Triceps Dip,Strength,Triceps,Intermediate,,,,,,,,,,,
Triceps dip,Strength,Triceps,Intermediate,,,,,,,,,,,
Weighted bench dip,Strength,Triceps,Intermediate,,,,,,,,,,,
Push-Ups - Close Triceps Position,Strength,Triceps,Intermediate,,,,,,,,,,,
Parallel Bar Dip,Strength,Triceps,Intermediate,,,,,,,,,,,
Ring dip,Strength,Triceps,Intermediate,,,,,,,,,,,
Feet-elevated bench dip,Strength,Triceps,Intermediate,,,,,,,,,,,
Bodyweight triceps press,Strength,Triceps,Intermediate,,,,,,,,,,,
Standing Towel Triceps Extension,Strength,Triceps,Beginner,,,,,,,,,,,
Tricep Side Stretch,Stretching,Triceps,Intermediate,,,,,,,,,,,
Triceps Stretch,Stretching,Triceps,Intermediate,,,,,,,,,,,
Overhead Triceps,Stretching,Triceps,Beginner,,,,,,,,,,,
Russian Bar Dip,Strength,Triceps,Intermediate,,,,,,,,,,,
Straight-arm plank with kick-back,Strength,Triceps,Intermediate,,,,,,,,,,,
TBS Dip,Strength,Triceps,Intermediate,,,,,,,,,,,
Bench Dips - Gethin Variation,Strength,Triceps,Intermediate,,,,,,,,,,,
Banded dip,Strength,Triceps,Intermediate,,,,,,,,,,,
Bench Dip - Gethin Variation,Strength,Triceps,Intermediate,,,,,,,,,,,
HM Chair Dip,Strength,Triceps,Intermediate,,,,,,,,,,,
Bench dip,Strength,Triceps,Intermediate,,,,,,,,,,,
Holman Step Triceps Dip,Strength,Triceps,Intermediate,,,,,,,,,,,
Holman Chair Triceps Dip,Strength,Triceps,Intermediate,,,,,,,,,,,
Bodyweight Triceps Rope Press,Strength,Triceps,Intermediate,,,,,,,,,,,
Holman Heavy Triceps Overhead Press,Strength,Triceps,Intermediate,,,,,,,,,,,
Holman Couch Triceps Dip,Strength,Triceps,Intermediate,,,,,,,,,,,
FYR2 Triceps Push-Up,Strength,Triceps,Intermediate,,,,,,,,,,,
30 Arms Triceps Dip,Strength,Triceps,Intermediate,,,,,,,,,,,
30 Arms Close-Grip Push-Up,Strength,Triceps,Intermediate,,,,,,,,,,,
30 Arms BFR Close-Grip Push-Up,Strength,Triceps,Intermediate,,,,,,,,,,,
Supine Chest Throw,Plyometrics,Triceps,Beginner,,,,,,,,,,,
Decline EZ-bar skullcrusher,Strength,Triceps,Intermediate,,,,,,,,,,,
EZ-Bar Skullcrusher,Strength,Triceps,Intermediate,,,,,,,,,,,
EZ-bar skullcrusher-,Strength,Triceps,Intermediate,,,,,,,,,,,
Lying Close-Grip Barbell Triceps Press To Chin,Strength,Triceps,Beginner,,,,,,,,,,,
EZ-Bar Skullcrusher - Gethin Variation,Strength,Triceps,Intermediate,,,,,,,,,,,
TBS Skullcrusher,Strength,Triceps,Intermediate,,,,,,,,,,,
30 Arms EZ-Bar Skullcrusher,Strength,Triceps,Intermediate,,,,,,,,,,,
